domain,agency
alabama.gov,State of Alabama
alaska.gov,State of Alaska
az.gov,State of Arizona
arkansas.gov,State of Arkansas
ca.gov,State of California
colorado.gov,State of Colorado
ct.gov,State of Connecticut
de.gov,State of Delaware
myflorida.com,State of Florida
georgia.gov,State of Georgia
hawaii.gov,State of Hawaii
idaho.gov,State of Idaho
illinois.gov,State of Illinois
in.gov,State of Indiana
iowa.gov,State of Iowa
kansas.gov,State of Kansas
kentucky.gov,State of Kentucky
louisiana.gov,State of Louisiana
maine.gov,State of Maine
maryland.gov,State of Maryland
mass.gov,State of Massachusetts
michigan.gov,State of Michigan
mn.gov,State of Minnesota
mississippi.gov,State of Mississippi
mo.gov,State of Missouri
mt.gov,State of Montana
nebraska.gov,State of Nebraska
nv.gov,State of Nevada
nh.gov,State of New Hampshire
nj.gov,State of New Jersey
nm.gov,State of New Mexico
ny.gov,State of New York
nc.gov,State of North Carolina
nd.gov,State of North Dakota
ohio.gov,State of Ohio
oklahoma.gov,State of Oklahoma
oregon.gov,State of Oregon
pa.gov,State of Pennsylvania
ri.gov,State of Rhode Island
sc.gov,State of South Carolina
sd.gov,State of South Dakota
tn.gov,State of Tennessee
texas.gov,State of Texas
utah.gov,State of Utah
vermont.gov,State of Vermont
virginia.gov,State of Virginia
wa.gov,State of Washington
wv.gov,State of West Virginia
wisconsin.gov,State of Wisconsin
wyo.gov,State of Wyoming
amtrakoig.gov,AMTRAK
acus.gov,Administrative Conference of the United States
achp.gov,Advisory Council on Historic Preservation
preserveamerica.gov,Advisory Council on Historic Preservation
abmc.gov,American Battle Monuments Commission
arc.gov,Appalachian Regional Commission
asc.gov,Appraisal Subcommittee
afrh.gov,Armed Forces Retirement Home
goldwaterscholarship.gov,Barry Goldwater Scholarship and Excellence in Education Foundation
cia.gov,Central Intelligence Agency
ic.gov,Central Intelligence Agency
istac.gov,Central Intelligence Agency
odci.gov,Central Intelligence Agency
opensource.gov,Central Intelligence Agency
osde.gov,Central Intelligence Agency
ucia.gov,Central Intelligence Agency
csb.gov,Chemical Safety Board
safetyvideos.gov,Chemical Safety Board
coldcaserecords.gov,Civil Rights Cold Case Records Review Board
cftc.gov,Commodity Futures Trading Commission
devcftc.gov,Commodity Futures Trading Commission
smartcheck.gov,Commodity Futures Trading Commission
whistleblower.gov,Commodity Futures Trading Commission
bcfp.gov,Consumer Financial Protection Bureau
cfpa.gov,Consumer Financial Protection Bureau
cfpb.gov,Consumer Financial Protection Bureau
consumerbureau.gov,Consumer Financial Protection Bureau
consumerfinance.gov,Consumer Financial Protection Bureau
consumerfinancial.gov,Consumer Financial Protection Bureau
consumerfinancialbureau.gov,Consumer Financial Protection Bureau
consumerfinancialprotectionbureau.gov,Consumer Financial Protection Bureau
consumerprotection.gov,Consumer Financial Protection Bureau
consumerprotectionbureau.gov,Consumer Financial Protection Bureau
mimm.gov,Consumer Financial Protection Bureau
anchorit.gov,Consumer Product Safety Commission
atvsafety.gov,Consumer Product Safety Commission
cpsc.gov,Consumer Product Safety Commission
drywallresponse.gov,Consumer Product Safety Commission
poolsafely.gov,Consumer Product Safety Commission
poolsafety.gov,Consumer Product Safety Commission
recalls.gov,Consumer Product Safety Commission
saferproduct.gov,Consumer Product Safety Commission
saferproducts.gov,Consumer Product Safety Commission
seguridadconsumidor.gov,Consumer Product Safety Commission
acc.gov,Corporation for National & Community Service
americanclimatecorps.gov,Corporation for National & Community Service
americorps.gov,Corporation for National & Community Service
americorpsoig.gov,Corporation for National & Community Service
ccc.gov,Corporation for National & Community Service
cncs.gov,Corporation for National & Community Service
cncsoig.gov,Corporation for National & Community Service
cns.gov,Corporation for National & Community Service
joinamericorps.gov,Corporation for National & Community Service
mentor.gov,Corporation for National & Community Service
mlkday.gov,Corporation for National & Community Service
nationalservice.gov,Corporation for National & Community Service
presidentialserviceawards.gov,Corporation for National & Community Service
serve.gov,Corporation for National & Community Service
vistacampus.gov,Corporation for National & Community Service
volunteeringinamerica.gov,Corporation for National & Community Service
cigie.gov,Council of Inspectors General on Integrity and Efficiency
ignet.gov,Council of Inspectors General on Integrity and Efficiency
oversight.gov,Council of Inspectors General on Integrity and Efficiency
pandemicoversight.gov,Council of Inspectors General on Integrity and Efficiency
csosa.gov,Court Services and Offender Supervision
pretrialservices.gov,Court Services and Offender Supervision
psa.gov,Court Services and Offender Supervision
dnfsb.gov,Defense Nuclear Facilities Safety Board
dra.gov,Delta Regional Authority
denali.gov,Denali Commission
2020census.gov,Department of Commerce
ap.gov,Department of Commerce
aviationweather.gov,Department of Commerce
bea.gov,Department of Commerce
bis.gov,Department of Commerce
bldrdoc.gov,Department of Commerce
buyusa.gov,Department of Commerce
census.gov,Department of Commerce
chips.gov,Department of Commerce
climate.gov,Department of Commerce
commerce.gov,Department of Commerce
cwc.gov,Department of Commerce
dataprivacyframework.gov,Department of Commerce
dnsops.gov,Department of Commerce
doc.gov,Department of Commerce
drought.gov,Department of Commerce
eda.gov,Department of Commerce
edison.gov,Department of Commerce
export.gov,Department of Commerce
firstnet.gov,Department of Commerce
fishwatch.gov,Department of Commerce
goes-r.gov,Department of Commerce
gps.gov,Department of Commerce
heat.gov,Department of Commerce
hurricanes.gov,Department of Commerce
icams-portal.gov,Department of Commerce
icts.gov,Department of Commerce
iedison.gov,Department of Commerce
internet4all.gov,Department of Commerce
internetforall.gov,Department of Commerce
luca-appeals.gov,Department of Commerce
manufacturing.gov,Department of Commerce
marinecadastre.gov,Department of Commerce
mbda.gov,Department of Commerce
mgi.gov,Department of Commerce
my2020census.gov,Department of Commerce
nehrp.gov,Department of Commerce
nist.gov,Department of Commerce
noaa.gov,Department of Commerce
ntia.gov,Department of Commerce
ntis.gov,Department of Commerce
nwirp.gov,Department of Commerce
ofcm.gov,Department of Commerce
papahanaumokuakea.gov,Department of Commerce
privacyshield.gov,Department of Commerce
pscr.gov,Department of Commerce
sdr.gov,Department of Commerce
selectusa.gov,Department of Commerce
semiconductors.gov,Department of Commerce
spaceweather.gov,Department of Commerce
spd15revision.gov,Department of Commerce
spectrum.gov,Department of Commerce
standards.gov,Department of Commerce
stopfakes.gov,Department of Commerce
sworm.gov,Department of Commerce
tasefiling.gov,Department of Commerce
techhubs.gov,Department of Commerce
time.gov,Department of Commerce
trade.gov,Department of Commerce
tsunami.gov,Department of Commerce
usicecenter.gov,Department of Commerce
uspto.gov,Department of Commerce
weather.gov,Department of Commerce
wwtg.gov,Department of Commerce
xd.gov,Department of Commerce
adlnet.gov,Department of Defense
aftac.gov,Department of Defense
altusandc.gov,Department of Defense
businessdefense.gov,Department of Defense
cap.gov,Department of Defense
capnhq.gov,Department of Defense
cmts.gov,Department of Defense
cnss.gov,Department of Defense
ctoc.gov,Department of Defense
cttso.gov,Department of Defense
dc3on.gov,Department of Defense
defense.gov,Department of Defense
fehrm.gov,Department of Defense
fvap.gov,Department of Defense
hive.gov,Department of Defense
iad.gov,Department of Defense
intelligencecareers.gov,Department of Defense
ioss.gov,Department of Defense
itc.gov,Department of Defense
iwtsd.gov,Department of Defense
jccs.gov,Department of Defense
lps.gov,Department of Defense
mtmc.gov,Department of Defense
mypay.gov,Department of Defense
nationalresourcedirectory.gov,Department of Defense
nbib.gov,Department of Defense
nrd.gov,Department of Defense
nro.gov,Department of Defense
nsa.gov,Department of Defense
nsep.gov,Department of Defense
oea.gov,Department of Defense
oldcc.gov,Department of Defense
oneaftac.gov,Department of Defense
tak.gov,Department of Defense
tswg.gov,Department of Defense
usandc.gov,Department of Defense
budgetlob.gov,Department of Education
childstats.gov,Department of Education
collegenavigator.gov,Department of Education
ed.gov,Department of Education
fafsa.gov,Department of Education
g5.gov,Department of Education
nagb.gov,Department of Education
nationsreportcard.gov,Department of Education
studentaid.gov,Department of Education
studentloans.gov,Department of Education
ameslab.gov,Department of Energy
anl.gov,Department of Energy
arm.gov,Department of Energy
biomassboard.gov,Department of Energy
bnl.gov,Department of Energy
bpa.gov,Department of Energy
buildingamerica.gov,Department of Energy
casl.gov,Department of Energy
cebaf.gov,Department of Energy
cendi.gov,Department of Energy
citap.gov,Department of Energy
doe.gov,Department of Energy
driveelectric.gov,Department of Energy
eia.gov,Department of Energy
energy.gov,Department of Energy
energycodes.gov,Department of Energy
energycommunities.gov,Department of Energy
energysaver.gov,Department of Energy
energysavers.gov,Department of Energy
fnal.gov,Department of Energy
fueleconomy.gov,Department of Energy
hanford.gov,Department of Energy
homeenergyscore.gov,Department of Energy
hydrogen.gov,Department of Energy
inel.gov,Department of Energy
inl.gov,Department of Energy
isotope.gov,Department of Energy
isotopes.gov,Department of Energy
lanl.gov,Department of Energy
lbl.gov,Department of Energy
llnl.gov,Department of Energy
nccs.gov,Department of Energy
ncrc.gov,Department of Energy
nersc.gov,Department of Energy
neup.gov,Department of Energy
nnss.gov,Department of Energy
nrel.gov,Department of Energy
nrelhub.gov,Department of Energy
ntrc.gov,Department of Energy
nuclear.gov,Department of Energy
orau.gov,Department of Energy
ornl.gov,Department of Energy
osti.gov,Department of Energy
pcast.gov,Department of Energy
pnl.gov,Department of Energy
pnnl.gov,Department of Energy
pppl.gov,Department of Energy
pppo.gov,Department of Energy
pr100.gov,Department of Energy
rideelectric.gov,Department of Energy
rl.gov,Department of Energy
safgrandchallenge.gov,Department of Energy
sandia.gov,Department of Energy
scidac.gov,Department of Energy
science.gov,Department of Energy
smartgrid.gov,Department of Energy
sns.gov,Department of Energy
solardecathlon.gov,Department of Energy
srnl.gov,Department of Energy
srs.gov,Department of Energy
swpa.gov,Department of Energy
unnpp.gov,Department of Energy
unrpnet.gov,Department of Energy
wapa.gov,Department of Energy
ymp.gov,Department of Energy
988.gov,Department of Health and Human Services
acf.gov,Department of Health and Human Services
acl.gov,Department of Health and Human Services
afterschool.gov,Department of Health and Human Services
aging.gov,Department of Health and Human Services
agingstats.gov,Department of Health and Human Services
ahcpr.gov,Department of Health and Human Services
ahrq.gov,Department of Health and Human Services
aids.gov,Department of Health and Human Services
alzheimers.gov,Department of Health and Human Services
aoa.gov,Department of Health and Human Services
arpa-h.gov,Department of Health and Human Services
arpah.gov,Department of Health and Human Services
aspr.gov,Department of Health and Human Services
bam.gov,Department of Health and Human Services
betobaccofree.gov,Department of Health and Human Services
bioethics.gov,Department of Health and Human Services
birthcontrol.gov,Department of Health and Human Services
brain.gov,Department of Health and Human Services
brainhealth.gov,Department of Health and Human Services
cancer.gov,Department of Health and Human Services
cdc.gov,Department of Health and Human Services
cdcpartners.gov,Department of Health and Human Services
cerebrosano.gov,Department of Health and Human Services
childcare.gov,Department of Health and Human Services
childwelfare.gov,Department of Health and Human Services
clinicaltrial.gov,Department of Health and Human Services
clinicaltrials.gov,Department of Health and Human Services
cms.gov,Department of Health and Human Services
collegedrinkingprevention.gov,Department of Health and Human Services
coronavirus.gov,Department of Health and Human Services
covid.gov,Department of Health and Human Services
covidtest.gov,Department of Health and Human Services
covidtests.gov,Department of Health and Human Services
cuidadodesalud.gov,Department of Health and Human Services
dhhs.gov,Department of Health and Human Services
diabetescommittee.gov,Department of Health and Human Services
docline.gov,Department of Health and Human Services
donaciondeorganos.gov,Department of Health and Human Services
drugabuse.gov,Department of Health and Human Services
eldercare.gov,Department of Health and Human Services
encuentraapoyo.gov,Department of Health and Human Services
everytrycounts.gov,Department of Health and Human Services
familyplanning.gov,Department of Health and Human Services
fatherhood.gov,Department of Health and Human Services
fda.gov,Department of Health and Human Services
findsupport.gov,Department of Health and Human Services
findtreatment.gov,Department of Health and Human Services
fitness.gov,Department of Health and Human Services
flu.gov,Department of Health and Human Services
foodsafety.gov,Department of Health and Human Services
freshempire.gov,Department of Health and Human Services
fruitsandveggiesmatter.gov,Department of Health and Human Services
genome.gov,Department of Health and Human Services
girlshealth.gov,Department of Health and Human Services
globalhealth.gov,Department of Health and Human Services
gmta.gov,Department of Health and Human Services
grants.gov,Department of Health and Human Services
grantsolutions.gov,Department of Health and Human Services
guideline.gov,Department of Health and Human Services
guidelines.gov,Department of Health and Human Services
hc.gov,Department of Health and Human Services
health.gov,Department of Health and Human Services
healthcare.gov,Department of Health and Human Services
healthdata.gov,Department of Health and Human Services
healthfinder.gov,Department of Health and Human Services
healthindicators.gov,Department of Health and Human Services
healthit.gov,Department of Health and Human Services
healthypeople.gov,Department of Health and Human Services
hearttruth.gov,Department of Health and Human Services
hhs.gov,Department of Health and Human Services
hhsoig.gov,Department of Health and Human Services
hhsops.gov,Department of Health and Human Services
hiv.gov,Department of Health and Human Services
hrsa.gov,Department of Health and Human Services
idealab.gov,Department of Health and Human Services
ihs.gov,Department of Health and Human Services
insurekidsnow.gov,Department of Health and Human Services
longtermcare.gov,Department of Health and Human Services
medicaid.gov,Department of Health and Human Services
medicalbillrights.gov,Department of Health and Human Services
medicalcountermeasures.gov,Department of Health and Human Services
medicare.gov,Department of Health and Human Services
medlineplus.gov,Department of Health and Human Services
mentalhealth.gov,Department of Health and Human Services
mesh.gov,Department of Health and Human Services
mymedicare.gov,Department of Health and Human Services
ncifcrf.gov,Department of Health and Human Services
nextlegends.gov,Department of Health and Human Services
nih.gov,Department of Health and Human Services
niosh.gov,Department of Health and Human Services
nlm.gov,Department of Health and Human Services
nnlm.gov,Department of Health and Human Services
opioids.gov,Department of Health and Human Services
organdonor.gov,Department of Health and Human Services
pandemicflu.gov,Department of Health and Human Services
phe.gov,Department of Health and Human Services
psc.gov,Department of Health and Human Services
pubmed.gov,Department of Health and Human Services
recoverymonth.gov,Department of Health and Human Services
reproductivehealthservices.gov,Department of Health and Human Services
samhsa.gov,Department of Health and Human Services
selectagents.gov,Department of Health and Human Services
simplereport.gov,Department of Health and Human Services
smokefree.gov,Department of Health and Human Services
stopalcoholabuse.gov,Department of Health and Human Services
stopbullying.gov,Department of Health and Human Services
surgeongeneral.gov,Department of Health and Human Services
thebraininitiative.gov,Department of Health and Human Services
therealcost.gov,Department of Health and Human Services
thisfreelife.gov,Department of Health and Human Services
tobacco.gov,Department of Health and Human Services
tox21.gov,Department of Health and Human Services
usbm.gov,Department of Health and Human Services
usphs.gov,Department of Health and Human Services
vaccine.gov,Department of Health and Human Services
vaccines.gov,Department of Health and Human Services
vacine.gov,Department of Health and Human Services
vacines.gov,Department of Health and Human Services
vacuna.gov,Department of Health and Human Services
vacunas.gov,Department of Health and Human Services
visforvaccinated.gov,Department of Health and Human Services
whaging.gov,Department of Health and Human Services
whitehouseconferenceonaging.gov,Department of Health and Human Services
womenshealth.gov,Department of Health and Human Services
youth.gov,Department of Health and Human Services
biometrics.gov,Department of Homeland Security
cbp.gov,Department of Homeland Security
cisa.gov,Department of Homeland Security
cpnireporting.gov,Department of Homeland Security
cyber.gov,Department of Homeland Security
cybersecurity.gov,Department of Homeland Security
dhs.gov,Department of Homeland Security
disasterassistance.gov,Department of Homeland Security
dns.gov,Department of Homeland Security
dotgov.gov,Department of Homeland Security
e-verify.gov,Department of Homeland Security
everify.gov,Department of Homeland Security
evus.gov,Department of Homeland Security
fema.gov,Department of Homeland Security
firstrespondertraining.gov,Department of Homeland Security
fleta.gov,Department of Homeland Security
fletc.gov,Department of Homeland Security
floodsmart.gov,Department of Homeland Security
get.gov,Department of Homeland Security
globalentry.gov,Department of Homeland Security
homelandsecurity.gov,Department of Homeland Security
ice.gov,Department of Homeland Security
juntos.gov,Department of Homeland Security
know2protect.gov,Department of Homeland Security
listo.gov,Department of Homeland Security
nic.gov,Department of Homeland Security
niem.gov,Department of Homeland Security
nmsc.gov,Department of Homeland Security
ns.gov,Department of Homeland Security
power2prevent.gov,Department of Homeland Security
preventionresourcefinder.gov,Department of Homeland Security
ready.gov,Department of Homeland Security
readybusiness.gov,Department of Homeland Security
safetyact.gov,Department of Homeland Security
schoolsafety.gov,Department of Homeland Security
secretservice.gov,Department of Homeland Security
stopransomware.gov,Department of Homeland Security
together.gov,Department of Homeland Security
tsa.gov,Department of Homeland Security
us-cert.gov,Department of Homeland Security
uscg.gov,Department of Homeland Security
uscis.gov,Department of Homeland Security
usss.gov,Department of Homeland Security
disasterhousing.gov,Department of Housing and Urban Development
fha.gov,Department of Housing and Urban Development
ginniemae.gov,Department of Housing and Urban Development
hud.gov,Department of Housing and Urban Development
hudhomestore.gov,Department of Housing and Urban Development
hudoig.gov,Department of Housing and Urban Development
huduser.gov,Department of Housing and Urban Development
nationalhousing.gov,Department of Housing and Urban Development
nationalhousinglocator.gov,Department of Housing and Urban Development
nhl.gov,Department of Housing and Urban Development
nls.gov,Department of Housing and Urban Development
opportunityzones.gov,Department of Housing and Urban Development
ada.gov,Department of Justice
amberalert.gov,Department of Justice
atf.gov,Department of Justice
atfonline.gov,Department of Justice
bats.gov,Department of Justice
biometriccoe.gov,Department of Justice
bja.gov,Department of Justice
bjs.gov,Department of Justice
bop.gov,Department of Justice
campusdrugprevention.gov,Department of Justice
cjis.gov,Department of Justice
crimesolutions.gov,Department of Justice
crimevictims.gov,Department of Justice
cybercrime.gov,Department of Justice
dea.gov,Department of Justice
deaecom.gov,Department of Justice
doj.gov,Department of Justice
dsac.gov,Department of Justice
elderjustice.gov,Department of Justice
epic.gov,Department of Justice
fara.gov,Department of Justice
fbi.gov,Department of Justice
fbihr.gov,Department of Justice
fbijobs.gov,Department of Justice
fbilab.gov,Department of Justice
firstfreedom.gov,Department of Justice
foia.gov,Department of Justice
forfeiture.gov,Department of Justice
fpi.gov,Department of Justice
getsmartaboutdrugs.gov,Department of Justice
ic3.gov,Department of Justice
interpol.gov,Department of Justice
iprcenter.gov,Department of Justice
jcode.gov,Department of Justice
justice.gov,Department of Justice
justthinktwice.gov,Department of Justice
juvenilecouncil.gov,Department of Justice
learnatf.gov,Department of Justice
learndoj.gov,Department of Justice
leo.gov,Department of Justice
lep.gov,Department of Justice
malwareinvestigator.gov,Department of Justice
medalofvalor.gov,Department of Justice
namus.gov,Department of Justice
nationalgangcenter.gov,Department of Justice
ncirc.gov,Department of Justice
ncjrs.gov,Department of Justice
nicic.gov,Department of Justice
nicsezcheckfbi.gov,Department of Justice
nij.gov,Department of Justice
nmvtis.gov,Department of Justice
nsopr.gov,Department of Justice
nsopw.gov,Department of Justice
nvtc.gov,Department of Justice
ojjdp.gov,Department of Justice
ojp.gov,Department of Justice
ovc.gov,Department of Justice
ovcttac.gov,Department of Justice
projectsafechildhood.gov,Department of Justice
projectsafeneighborhoods.gov,Department of Justice
psob.gov,Department of Justice
rcfl.gov,Department of Justice
reentry.gov,Department of Justice
scra.gov,Department of Justice
seized.gov,Department of Justice
servicemembers.gov,Department of Justice
smart.gov,Department of Justice
tribaljusticeandsafety.gov,Department of Justice
tsc.gov,Department of Justice
ucrdatatool.gov,Department of Justice
unicor.gov,Department of Justice
usdoj.gov,Department of Justice
userra.gov,Department of Justice
usmarshals.gov,Department of Justice
vcf.gov,Department of Justice
vehiclehistory.gov,Department of Justice
apprenticeship.gov,Department of Labor
apprenticeships.gov,Department of Labor
benefits.gov,Department of Labor
bls.gov,Department of Labor
dol-esa.gov,Department of Labor
dol.gov,Department of Labor
doleta.gov,Department of Labor
employer.gov,Department of Labor
goodjobs.gov,Department of Labor
govloans.gov,Department of Labor
hirevets.gov,Department of Labor
jobcorps.gov,Department of Labor
labor.gov,Department of Labor
migrantworker.gov,Department of Labor
msha.gov,Department of Labor
mshastanddown.gov,Department of Labor
osha.gov,Department of Labor
persuader-reports.gov,Department of Labor
trabajadormigrante.gov,Department of Labor
trainingproviderresults.gov,Department of Labor
ui.gov,Department of Labor
unemployment.gov,Department of Labor
unionreports.gov,Department of Labor
veterans.gov,Department of Labor
whistleblowers.gov,Department of Labor
workcenter.gov,Department of Labor
worker.gov,Department of Labor
wrp.gov,Department of Labor
youthrules.gov,Department of Labor
america.gov,Department of State
devtestfan1.gov,Department of State
fan.gov,Department of State
fsgb.gov,Department of State
iawg.gov,Department of State
ibwc.gov,Department of State
osac.gov,Department of State
pepfar.gov,Department of State
preprodfan.gov,Department of State
securitytestfan.gov,Department of State
state.gov,Department of State
stateoig.gov,Department of State
supportfan.gov,Department of State
usaseanconnect.gov,Department of State
usconsulate.gov,Department of State
usdoscloud.gov,Department of State
usembassy.gov,Department of State
usmission.gov,Department of State
911.gov,Department of Transportation
bts.gov,Department of Transportation
distracteddriving.gov,Department of Transportation
distraction.gov,Department of Transportation
dot.gov,Department of Transportation
dotideahub.gov,Department of Transportation
ems.gov,Department of Transportation
esc.gov,Department of Transportation
faa.gov,Department of Transportation
faasafety.gov,Department of Transportation
flightrights.gov,Department of Transportation
flyhealthy.gov,Department of Transportation
jccbi.gov,Department of Transportation
nhtsa.gov,Department of Transportation
protectyourmove.gov,Department of Transportation
safecar.gov,Department of Transportation
safeocs.gov,Department of Transportation
safercar.gov,Department of Transportation
safertruck.gov,Department of Transportation
sharetheroadsafely.gov,Department of Transportation
trafficsafetymarketing.gov,Department of Transportation
transportation.gov,Department of Transportation
ehr.gov,Department of Veterans Affairs
reach.gov,Department of Veterans Affairs
va.gov,Department of Veterans Affairs
vaoig.gov,Department of Veterans Affairs
vets.gov,Department of Veterans Affairs
acwi.gov,Department of the Interior
anstaskforce.gov,Department of the Interior
bia.gov,Department of the Interior
blm.gov,Department of the Interior
boem.gov,Department of the Interior
boemre.gov,Department of the Interior
bor.gov,Department of the Interior
bsee.gov,Department of the Interior
btfa.gov,Department of the Interior
conservation.gov,Department of the Interior
coralreef.gov,Department of the Interior
criticalminerals.gov,Department of the Interior
cupcao.gov,Department of the Interior
doi.gov,Department of the Interior
doioig.gov,Department of the Interior
earthquake.gov,Department of the Interior
evergladesrestoration.gov,Department of the Interior
everykidoutdoors.gov,Department of the Interior
fcg.gov,Department of the Interior
fgdc.gov,Department of the Interior
ficor.gov,Department of the Interior
firecode.gov,Department of the Interior
fireleadership.gov,Department of the Interior
firenet.gov,Department of the Interior
firescience.gov,Department of the Interior
fws.gov,Department of the Interior
gcmrc.gov,Department of the Interior
geoplatform.gov,Department of the Interior
iat.gov,Department of the Interior
indianaffairs.gov,Department of the Interior
interior.gov,Department of the Interior
invasivespecies.gov,Department of the Interior
jem.gov,Department of the Interior
lacoast.gov,Department of the Interior
landfire.gov,Department of the Interior
landimaging.gov,Department of the Interior
lca.gov,Department of the Interior
lcrmscp.gov,Department of the Interior
lmvsci.gov,Department of the Interior
mitigationcommission.gov,Department of the Interior
mms.gov,Department of the Interior
mrlc.gov,Department of the Interior
mtbs.gov,Department of the Interior
nationalmap.gov,Department of the Interior
nbc.gov,Department of the Interior
nemi.gov,Department of the Interior
nfpors.gov,Department of the Interior
nifc.gov,Department of the Interior
nps.gov,Department of the Interior
onhir.gov,Department of the Interior
onrr.gov,Department of the Interior
osm.gov,Department of the Interior
osmre.gov,Department of the Interior
piedrasblancas.gov,Department of the Interior
reportband.gov,Department of the Interior
rivers.gov,Department of the Interior
safecom.gov,Department of the Interior
salmonrecovery.gov,Department of the Interior
sciencebase.gov,Department of the Interior
sierrawild.gov,Department of the Interior
usbr.gov,Department of the Interior
usgs.gov,Department of the Interior
utahfireinfo.gov,Department of the Interior
volcano.gov,Department of the Interior
volunteer.gov,Department of the Interior
watermonitor.gov,Department of the Interior
wlci.gov,Department of the Interior
ama.gov,Department of the Treasury
americathebeautifulquarters.gov,Department of the Treasury
asap.gov,Department of the Treasury
ayudaconmibanco.gov,Department of the Treasury
bankanswers.gov,Department of the Treasury
bankcustomer.gov,Department of the Treasury
bankcustomerassistance.gov,Department of the Treasury
bankhelp.gov,Department of the Treasury
banknet.gov,Department of the Treasury
bep.gov,Department of the Treasury
bfem.gov,Department of the Treasury
bondpro.gov,Department of the Treasury
ccac.gov,Department of the Treasury
cdfifund.gov,Department of the Treasury
complaintreferralexpress.gov,Department of the Treasury
comptrollerofthecurrency.gov,Department of the Treasury
directoasucuenta.gov,Department of the Treasury
eaglecash.gov,Department of the Treasury
eftps.gov,Department of the Treasury
eta-find.gov,Department of the Treasury
ethicsburg.gov,Department of the Treasury
eyenote.gov,Department of the Treasury
federalinvestments.gov,Department of the Treasury
federalspending.gov,Department of the Treasury
fedinvest.gov,Department of the Treasury
ffb.gov,Department of the Treasury
financialresearch.gov,Department of the Treasury
financialstability.gov,Department of the Treasury
fincen.gov,Department of the Treasury
fsoc.gov,Department of the Treasury
godirect.gov,Department of the Treasury
helpwithmybank.gov,Department of the Treasury
helpwithmycheckingaccount.gov,Department of the Treasury
helpwithmycreditcard.gov,Department of the Treasury
helpwithmycreditcardbank.gov,Department of the Treasury
helpwithmymortgage.gov,Department of the Treasury
helpwithmymortgagebank.gov,Department of the Treasury
ipac.gov,Department of the Treasury
ipp.gov,Department of the Treasury
irs.gov,Department of the Treasury
irsauctions.gov,Department of the Treasury
irsnet.gov,Department of the Treasury
irssales.gov,Department of the Treasury
irsvideos.gov,Department of the Treasury
its.gov,Department of the Treasury
makinghomeaffordable.gov,Department of the Treasury
mha.gov,Department of the Treasury
moneyfactory.gov,Department of the Treasury
moneyfactorystore.gov,Department of the Treasury
msb.gov,Department of the Treasury
myira.gov,Department of the Treasury
mymoney.gov,Department of the Treasury
myra.gov,Department of the Treasury
mytreasury.gov,Department of the Treasury
nationalbank.gov,Department of the Treasury
nationalbankhelp.gov,Department of the Treasury
nationalbanknet.gov,Department of the Treasury
navycash.gov,Department of the Treasury
occ.gov,Department of the Treasury
occhelps.gov,Department of the Treasury
occnet.gov,Department of the Treasury
ots.gov,Department of the Treasury
patriotbonds.gov,Department of the Treasury
pay.gov,Department of the Treasury
qatesttwai.gov,Department of the Treasury
savingsbond.gov,Department of the Treasury
savingsbonds.gov,Department of the Treasury
savingsbondwizard.gov,Department of the Treasury
sigpr.gov,Department of the Treasury
sigtarp.gov,Department of the Treasury
slgs.gov,Department of the Treasury
taaps.gov,Department of the Treasury
tax.gov,Department of the Treasury
tcis.gov,Department of the Treasury
tigta.gov,Department of the Treasury
tigtanet.gov,Department of the Treasury
transparency.gov,Department of the Treasury
treas.gov,Department of the Treasury
treaslockbox.gov,Department of the Treasury
treasury.gov,Department of the Treasury
treasuryauction.gov,Department of the Treasury
treasuryauctions.gov,Department of the Treasury
treasurydirect.gov,Department of the Treasury
treasuryecm.gov,Department of the Treasury
treasuryhunt.gov,Department of the Treasury
treasuryscams.gov,Department of the Treasury
ttb.gov,Department of the Treasury
ttbonline.gov,Department of the Treasury
ttlplus.gov,Department of the Treasury
twai.gov,Department of the Treasury
usaspending.gov,Department of the Treasury
usdebitcard.gov,Department of the Treasury
usmint.gov,Department of the Treasury
ustreas.gov,Department of the Treasury
wizard.gov,Department of the Treasury
workplace.gov,Department of the Treasury
ce-ncsc.gov,Director of National Intelligence
dni.gov,Director of National Intelligence
famep.gov,Director of National Intelligence
iarpa-ideas.gov,Director of National Intelligence
iarpa.gov,Director of National Intelligence
icjointduty.gov,Director of National Intelligence
intel.gov,Director of National Intelligence
intelink.gov,Director of National Intelligence
intelligence.gov,Director of National Intelligence
ise.gov,Director of National Intelligence
ncix.gov,Director of National Intelligence
ncsc.gov,Director of National Intelligence
nctc.gov,Director of National Intelligence
odni.gov,Director of National Intelligence
osis.gov,Director of National Intelligence
ugov.gov,Director of National Intelligence
eac.gov,Election Assistance Commission
helpamericavote.gov,Election Assistance Commission
votebymail.gov,Election Assistance Commission
airknowledge.gov,Environmental Protection Agency
airnow.gov,Environmental Protection Agency
cbi-epa.gov,Environmental Protection Agency
energystar.gov,Environmental Protection Agency
epa.gov,Environmental Protection Agency
epaoig.gov,Environmental Protection Agency
fedcenter.gov,Environmental Protection Agency
foiaonline.gov,Environmental Protection Agency
frtr.gov,Environmental Protection Agency
glnpo.gov,Environmental Protection Agency
greengov.gov,Environmental Protection Agency
relocatefeds.gov,Environmental Protection Agency
sustainability.gov,Environmental Protection Agency
urbanwaters.gov,Environmental Protection Agency
eeoc.gov,Equal Employment Opportunity Commission
ai.gov,Executive Office of the President
budget.gov,Executive Office of the President
build.gov,Executive Office of the President
buildbackbetter.gov,Executive Office of the President
childtaxcredit.gov,Executive Office of the President
cleanenergy.gov,Executive Office of the President
crisisnextdoor.gov,Executive Office of the President
earmarks.gov,Executive Office of the President
ej.gov,Executive Office of the President
environmentaljustice.gov,Executive Office of the President
eop.gov,Executive Office of the President
invertir.gov,Executive Office of the President
invest.gov,Executive Office of the President
investinamerica.gov,Executive Office of the President
investinginamerica.gov,Executive Office of the President
max.gov,Executive Office of the President
nano.gov,Executive Office of the President
nepa.gov,Executive Office of the President
omb.gov,Executive Office of the President
ondcp.gov,Executive Office of the President
ostp.gov,Executive Office of the President
pci.gov,Executive Office of the President
pitc.gov,Executive Office of the President
pitctestdomain.gov,Executive Office of the President
pslf.gov,Executive Office of the President
publicserviceloanforgiveness.gov,Executive Office of the President
quantum.gov,Executive Office of the President
reproaccess.gov,Executive Office of the President
reproductiveaccess.gov,Executive Office of the President
reproductiverights.gov,Executive Office of the President
reprorights.gov,Executive Office of the President
unitedwestand.gov,Executive Office of the President
usdigitalservice.gov,Executive Office of the President
usds.gov,Executive Office of the President
ustr.gov,Executive Office of the President
wh.gov,Executive Office of the President
whitehouse.gov,Executive Office of the President
whitehousedrugpolicy.gov,Executive Office of the President
exim.gov,Export/Import Bank of the U.S.
fca.gov,Farm Credit Administration
fcsic.gov,Farm Credit Administration
accedeainternet.gov,Federal Communications Commission
acpbenefit.gov,Federal Communications Commission
affordableconnectivity.gov,Federal Communications Commission
broadbandmap.gov,Federal Communications Commission
fcc.gov,Federal Communications Commission
getinternet.gov,Federal Communications Commission
economicinclusion.gov,Federal Deposit Insurance Corporation
fdic.gov,Federal Deposit Insurance Corporation
fdicconnect.gov,Federal Deposit Insurance Corporation
fdicig.gov,Federal Deposit Insurance Corporation
fdicoig.gov,Federal Deposit Insurance Corporation
fdicseguro.gov,Federal Deposit Insurance Corporation
myfdic.gov,Federal Deposit Insurance Corporation
ofia.gov,Federal Deposit Insurance Corporation
fec.gov,Federal Election Commission
ferc.gov,Federal Energy Regulatory Commission
fhfa.gov,Federal Housing Finance Agency
fhfaoig.gov,Federal Housing Finance Agency
mortgagetranslations.gov,Federal Housing Finance Agency
flra.gov,Federal Labor Relations Authority
fmc.gov,Federal Maritime Commission
adr.gov,Federal Mediation and Conciliation Service
fmcs.gov,Federal Mediation and Conciliation Service
fmshrc.gov,Federal Mine Safety and Health Review Commission
fpisc.gov,Federal Permitting Improvement Steering Council
permitting.gov,Federal Permitting Improvement Steering Council
billetes.gov,Federal Reserve Board of Governors
fbiic.gov,Federal Reserve Board of Governors
federalreserve.gov,Federal Reserve Board of Governors
federalreserveconsumerhelp.gov,Federal Reserve Board of Governors
fedpartnership.gov,Federal Reserve Board of Governors
fedres.gov,Federal Reserve Board of Governors
ffiec.gov,Federal Reserve Board of Governors
frb.gov,Federal Reserve Board of Governors
frs.gov,Federal Reserve Board of Governors
newmoney.gov,Federal Reserve Board of Governors
uscurrency.gov,Federal Reserve Board of Governors
exploretsp.gov,Federal Retirement Thrift Investment Board
frtib.gov,Federal Retirement Thrift Investment Board
frtibtest.gov,Federal Retirement Thrift Investment Board
tsp.gov,Federal Retirement Thrift Investment Board
tsptest.gov,Federal Retirement Thrift Investment Board
alertaenlinea.gov,Federal Trade Commission
consumer.gov,Federal Trade Commission
consumersentinel.gov,Federal Trade Commission
consumidor.gov,Federal Trade Commission
donotcall.gov,Federal Trade Commission
dontserveteens.gov,Federal Trade Commission
econsumer.gov,Federal Trade Commission
ftc.gov,Federal Trade Commission
hsr.gov,Federal Trade Commission
identitytheft.gov,Federal Trade Commission
idtheft.gov,Federal Trade Commission
militaryconsumer.gov,Federal Trade Commission
onguardonline.gov,Federal Trade Commission
protecciondelconsumidor.gov,Federal Trade Commission
robodeidentidad.gov,Federal Trade Commission
sentinel.gov,Federal Trade Commission
18f.gov,General Services Administration
400yaahc.gov,General Services Administration
accessibility.gov,General Services Administration
acquisition.gov,General Services Administration
acquisitiongateway.gov,General Services Administration
afadvantage.gov,General Services Administration
businessusa.gov,General Services Administration
buyaccessible.gov,General Services Administration
buyamerican.gov,General Services Administration
cao.gov,General Services Administration
cbca.gov,General Services Administration
cdo.gov,General Services Administration
cfo.gov,General Services Administration
challenge.gov,General Services Administration
cio.gov,General Services Administration
citizenscience.gov,General Services Administration
cloud.gov,General Services Administration
code.gov,General Services Administration
computersforlearning.gov,General Services Administration
consumeraction.gov,General Services Administration
contractdirectory.gov,General Services Administration
cpars.gov,General Services Administration
csusop.gov,General Services Administration
data.gov,General Services Administration
digital.gov,General Services Administration
digitaldashboard.gov,General Services Administration
digitalgov.gov,General Services Administration
ecpic.gov,General Services Administration
esrs.gov,General Services Administration
evaluation.gov,General Services Administration
fac.gov,General Services Administration
faca.gov,General Services Administration
facadatabase.gov,General Services Administration
fai.gov,General Services Administration
fapiis.gov,General Services Administration
fbf.gov,General Services Administration
fbo.gov,General Services Administration
fcsm.gov,General Services Administration
fdms.gov,General Services Administration
fedidcard.gov,General Services Administration
fedinfo.gov,General Services Administration
fedramp.gov,General Services Administration
fedrooms.gov,General Services Administration
firstgov.gov,General Services Administration
fleet.gov,General Services Administration
fmi.gov,General Services Administration
forms.gov,General Services Administration
fpc.gov,General Services Administration
fpds.gov,General Services Administration
fpki-lab.gov,General Services Administration
fpki.gov,General Services Administration
frpg.gov,General Services Administration
fsd.gov,General Services Administration
fsrs.gov,General Services Administration
gobiernousa.gov,General Services Administration
gsa.gov,General Services Administration
gsaadvantage.gov,General Services Administration
gsaauctions.gov,General Services Administration
gsafleet.gov,General Services Administration
gsaig.gov,General Services Administration
gsatest2.gov,General Services Administration
gsaxcess.gov,General Services Administration
identitysandbox.gov,General Services Administration
idmanagement.gov,General Services Administration
info.gov,General Services Administration
innovation.gov,General Services Administration
itdashboard.gov,General Services Administration
kids.gov,General Services Administration
login.gov,General Services Administration
madeinamerica.gov,General Services Administration
ncmms.gov,General Services Administration
notify.gov,General Services Administration
paymentaccuracy.gov,General Services Administration
pcscotus.gov,General Services Administration
performance.gov,General Services Administration
pic.gov,General Services Administration
pif.gov,General Services Administration
pki-lab.gov,General Services Administration
pki.gov,General Services Administration
plainlanguage.gov,General Services Administration
ppms.gov,General Services Administration
presidentialinnovationfellows.gov,General Services Administration
ptt.gov,General Services Administration
realestatesales.gov,General Services Administration
realpropertyprofile.gov,General Services Administration
reginfo.gov,General Services Administration
regulations.gov,General Services Administration
reporting.gov,General Services Administration
rocis.gov,General Services Administration
rpa.gov,General Services Administration
saferfederalworkforce.gov,General Services Administration
sam.gov,General Services Administration
sbst.gov,General Services Administration
search.gov,General Services Administration
section508.gov,General Services Administration
sftool.gov,General Services Administration
statspolicy.gov,General Services Administration
thenamingcommission.gov,General Services Administration
us.gov,General Services Administration
usa.gov,General Services Administration
usability.gov,General Services Administration
usagov.gov,General Services Administration
ussm.gov,General Services Administration
vote.gov,General Services Administration
restorethegulf.gov,Gulf Coast Ecosystem Restoration Council
truman.gov,Harry S. Truman Scholarship Foundation
imls.gov,Institute of Museum and Library Services
informationliteracy.gov,Institute of Museum and Library Services
pcah.gov,Institute of Museum and Library Services
iaf.gov,Inter-American Foundation
jamesmadison.gov,James Madison Memorial Fellowship Foundation
jusfc.gov,Japan-US Friendship Commission
kennedy-center.gov,John F. Kennedy Center for Performing Arts
lsc.gov,Legal Services Corporation
mmc.gov,Marine Mammal Commission
mspb.gov,Merit Systems Protection Board
mcc.gov,Millennium Challenge Corporation
mcctest.gov,Millennium Challenge Corporation
ecr.gov,Morris K. Udall and Stewart L. Udall Foundation
udall.gov,Morris K. Udall and Stewart L. Udall Foundation
earth.gov,National Aeronautics and Space Administration
globe.gov,National Aeronautics and Space Administration
nasa.gov,National Aeronautics and Space Administration
scijinks.gov,National Aeronautics and Space Administration
usgeo.gov,National Aeronautics and Space Administration
9-11commission.gov,National Archives and Records Administration
911commission.gov,National Archives and Records Administration
archives.gov,National Archives and Records Administration
bush41library.gov,National Archives and Records Administration
clintonlibrary.gov,National Archives and Records Administration
dd214.gov,National Archives and Records Administration
eisenhowerlibrary.gov,National Archives and Records Administration
emergency-federal-register.gov,National Archives and Records Administration
fcic.gov,National Archives and Records Administration
fordlibrarymuseum.gov,National Archives and Records Administration
frc.gov,National Archives and Records Administration
georgewbushlibrary.gov,National Archives and Records Administration
history.gov,National Archives and Records Administration
jfklibrary.gov,National Archives and Records Administration
jimmycarterlibrary.gov,National Archives and Records Administration
lbjlibrary.gov,National Archives and Records Administration
nara.gov,National Archives and Records Administration
nixonlibrary.gov,National Archives and Records Administration
obamalibrary.gov,National Archives and Records Administration
obamawhitehouse.gov,National Archives and Records Administration
ourdocuments.gov,National Archives and Records Administration
reaganlibrary.gov,National Archives and Records Administration
recordsmanagement.gov,National Archives and Records Administration
trumanlibrary.gov,National Archives and Records Administration
trumplibrary.gov,National Archives and Records Administration
trumpwhitehouse.gov,National Archives and Records Administration
wartimecontracting.gov,National Archives and Records Administration
webharvest.gov,National Archives and Records Administration
ncpc.gov,National Capital Planning Commission
ncd.gov,National Council on Disability
mycreditunion.gov,National Credit Union Administration
ncua.gov,National Credit Union Administration
arts.gov,National Endowment for the Arts
nea.gov,National Endowment for the Arts
humanities.gov,National Endowment for the Humanities
neh.gov,National Endowment for the Humanities
nga.gov,National Gallery of Art
nigc.gov,National Indian Gaming Commission
nlrb.gov,National Labor Relations Board
nmb.gov,National Mediation Board
arctic.gov,National Science Foundation
new.nsf.gov,National Science Foundation
nsf.gov/staff,National Science Foundation
research.gov,National Science Foundation
sac.gov,National Science Foundation
usap.gov,National Science Foundation
nscai.gov,National Security Commission on Artificial Intelligence
ntsb.gov,National Transportation Safety Board
itrd.gov,Networking Information Technology Research and Development
nitrd.gov,Networking Information Technology Research and Development
igorville.gov,Non-Federal Agency
nbrc.gov,Northern Border Regional Commission
nrc-gateway.gov,Nuclear Regulatory Commission
nrc.gov,Nuclear Regulatory Commission
oshrc.gov,Occupational Safety & Health Review Commission
integrity.gov,Office of Government Ethics
oge.gov,Office of Government Ethics
applicationmanager.gov,Office of Personnel Management
chcoc.gov,Office of Personnel Management
cybercareers.gov,Office of Personnel Management
e-qip.gov,Office of Personnel Management
employeeexpress.gov,Office of Personnel Management
feb.gov,Office of Personnel Management
federaljobs.gov,Office of Personnel Management
fedjobs.gov,Office of Personnel Management
fedshirevets.gov,Office of Personnel Management
fegli.gov,Office of Personnel Management
fsafeds.gov,Office of Personnel Management
golearn.gov,Office of Personnel Management
governmentjobs.gov,Office of Personnel Management
opm.gov,Office of Personnel Management
pac.gov,Office of Personnel Management
pmf.gov,Office of Personnel Management
telework.gov,Office of Personnel Management
unlocktalent.gov,Office of Personnel Management
usajobs.gov,Office of Personnel Management
usalearning.gov,Office of Personnel Management
usastaffing.gov,Office of Personnel Management
pbgc.gov,Pension Benefit Guaranty Corporation
prc.gov,Postal Regulatory Commission
presidio.gov,Presidio Trust
presidiocommercial.gov,Presidio Trust
presidiotrust.gov,Presidio Trust
presidiotunneltops.gov,Presidio Trust
pclob.gov,Privacy and Civil Liberties Oversight Board
pbrb.gov,Public Buildings Reform Board
rrb.gov,Railroad Retirement Board
investor.gov,Securities and Exchange Commission
sec.gov,Securities and Exchange Commission
sss.gov,Selective Service System
business.gov,Small Business Administration
nwbc.gov,Small Business Administration
sba.gov,Small Business Administration
sbir.gov,Small Business Administration
itis.gov,Smithsonian Institution
smithsonian.gov,Smithsonian Institution
segurosocial.gov,Social Security Administration
socialsecurity.gov,Social Security Administration
ssa.gov,Social Security Administration
ssab.gov,Social Security Advisory Board
scrc.gov,Southeast Crescent Regional Commission
sbrc.gov,Southwest Border Regional Commission
sji.gov,State Justice Institute
stb.gov,Surface Transportation Board
tva.gov,Tennessee Valley Authority
tvaoig.gov,Tennessee Valley Authority
ptf.gov,The Intelligence Community
worldwar1centennial.gov,The United States World War One Centennial Commission
childreninadversity.gov,U.S. Agency for International Development
dfafacts.gov,U.S. Agency for International Development
feedthefuture.gov,U.S. Agency for International Development
foreignassistance.gov,U.S. Agency for International Development
neglecteddiseases.gov,U.S. Agency for International Development
pmi.gov,U.S. Agency for International Development
prosperafrica.gov,U.S. Agency for International Development
usaid.gov,U.S. Agency for International Development
workwithusaid.gov,U.S. Agency for International Development
heritageabroad.gov,U.S. Commission for the Preservation of Americas Heritage Abroad
cfa.gov,U.S. Commission of Fine Arts
civilrightsusa.gov,U.S. Commission on Civil Rights
cssbmb.gov,U.S. Commission on Civil Rights
usccr.gov,U.S. Commission on Civil Rights
uscirf.gov,U.S. Commission on International Religious Freedom
22007apply.gov,U.S. Department of Agriculture
aff.gov,U.S. Department of Agriculture
ag.gov,U.S. Department of Agriculture
ars-grin.gov,U.S. Department of Agriculture
arsusda.gov,U.S. Department of Agriculture
biopreferred.gov,U.S. Department of Agriculture
bosque.gov,U.S. Department of Agriculture
choosemyplate.gov,U.S. Department of Agriculture
connect.gov,U.S. Department of Agriculture
dietaryguidelines.gov,U.S. Department of Agriculture
empowhr.gov,U.S. Department of Agriculture
execsec.gov,U.S. Department of Agriculture
farmerfairness.gov,U.S. Department of Agriculture
farmers.gov,U.S. Department of Agriculture
fedsfeedfamilies.gov,U.S. Department of Agriculture
forestsandrangelands.gov,U.S. Department of Agriculture
invasivespeciesinfo.gov,U.S. Department of Agriculture
itap.gov,U.S. Department of Agriculture
lcacommons.gov,U.S. Department of Agriculture
myplate.gov,U.S. Department of Agriculture
nafri.gov,U.S. Department of Agriculture
nutrition.gov,U.S. Department of Agriculture
nwcg.gov,U.S. Department of Agriculture
rec.gov,U.S. Department of Agriculture
recreation.gov,U.S. Department of Agriculture
rural.gov,U.S. Department of Agriculture
symbols.gov,U.S. Department of Agriculture
usda.gov,U.S. Department of Agriculture
usdapii.gov,U.S. Department of Agriculture
wildfire.gov,U.S. Department of Agriculture
nwtrb.gov,U.S. Nuclear Waste Technical Review Board
osc.gov,U.S. Office of Special Counsel
oscnet.gov,U.S. Office of Special Counsel
peacecorps.gov,U.S. Peace Corps
peacecorpsoig.gov,U.S. Peace Corps
abilityone.gov,United States AbilityOne
jwod.gov,United States AbilityOne
access-board.gov,United States Access Board
adf.gov,United States African Development Foundation
usadf.gov,United States African Development Foundation
bbg.gov,United States Agency for Global Media
ibb.gov,United States Agency for Global Media
ocb.gov,United States Agency for Global Media
usagm.gov,United States Agency for Global Media
voa.gov,United States Agency for Global Media
globalchange.gov,United States Global Change Research Program
ipcc-wg3.gov,United States Global Change Research Program
usgcrp.gov,United States Global Change Research Program
ushmm.gov,United States Holocaust Memorial Museum
usip.gov,United States Institute of Peace
ich.gov,United States Interagency Council on Homelessness
usich.gov,United States Interagency Council on Homelessness
dfc.gov,United States International Development Finance Corporation
idfc.gov,United States International Development Finance Corporation
opic.gov,United States International Development Finance Corporation
usdfc.gov,United States International Development Finance Corporation
usidfc.gov,United States International Development Finance Corporation
usitc.gov,United States International Trade Commission
usitcoig.gov,United States International Trade Commission
changeofaddress.gov,United States Postal Service
mail.gov,United States Postal Service
myusps.gov,United States Postal Service
postoffice.gov,United States Postal Service
purchasing.gov,United States Postal Service
uspis.gov,United States Postal Service
usps.gov,United States Postal Service
uspsinformeddelivery.gov,United States Postal Service
uspsinnovates.gov,United States Postal Service
uspsoig.gov,United States Postal Service
ustda.gov,United States Trade and Development Agency
ata.gov,gov Administration
domainops.gov,gov Administration
ecfc.gov,gov Administration
erpo.gov,gov Administration
fraho.gov,gov Administration
jpo.gov,gov Administration
nrpo.gov,gov Administration
osdls.gov,gov Administration
owc.gov,gov Administration
psd.gov,gov Administration
psup.gov,gov Administration
pubservices.gov,gov Administration
rpo.gov,gov Administration
fd.gov,Administrative Office of the U. S. Courts
sc-us.gov,The Supreme Court
scinet-test.gov,The Supreme Court
scinet.gov,The Supreme Court
scus.gov,The Supreme Court
scuspd.gov,The Supreme Court
supreme-court.gov,The Supreme Court
supremecourt.gov,The Supreme Court
supremecourtus.gov,The Supreme Court
bankruptcy.gov,U.S. Courts
cavc.gov,U.S. Courts
federalcourts.gov,U.S. Courts
federalprobation.gov,U.S. Courts
federalrules.gov,U.S. Courts
fjc.gov,U.S. Courts
judicialconference.gov,U.S. Courts
pacer.gov,U.S. Courts
usbankruptcy.gov,U.S. Courts
usc.gov,U.S. Courts
uscavc.gov,U.S. Courts
uscourts.gov,U.S. Courts
usprobation.gov,U.S. Courts
ussc.gov,U.S. Courts
ustaxcourt.gov,U.S. Courts
aoc.gov,Architect of the Capitol
capital.gov,Architect of the Capitol
capitalgiftshop.gov,Architect of the Capitol
capitol.gov,Architect of the Capitol
capitolgiftshop.gov,Architect of the Capitol
usbg.gov,Architect of the Capitol
uscapital.gov,Architect of the Capitol
uscapitalgiftshop.gov,Architect of the Capitol
uscapitol.gov,Architect of the Capitol
uscapitolgiftshop.gov,Architect of the Capitol
uscapitolgiftstore.gov,Architect of the Capitol
visitthecapital.gov,Architect of the Capitol
visitthecapitol.gov,Architect of the Capitol
cbo.gov,Congressional Budget Office
cbonews.gov,Congressional Budget Office
solarium.gov,Cyberspace Solarium Commission
eseclab.gov,Government Accountability Office
fasab.gov,Government Accountability Office
gao.gov,Government Accountability Office
gaoinnovation.gov,Government Accountability Office
gaoinnovationlab.gov,Government Accountability Office
gaoinnovations.gov,Government Accountability Office
gaonet.gov,Government Accountability Office
congressionaldirectory.gov,Government Publishing Office
congressionalrecord.gov,Government Publishing Office
ecfr.gov,Government Publishing Office
fdlp.gov,Government Publishing Office
fdsys.gov,Government Publishing Office
federalregister.gov,Government Publishing Office
fedreg.gov,Government Publishing Office
govinfo.gov,Government Publishing Office
gpo.gov,Government Publishing Office
gpodev.gov,Government Publishing Office
housecalendar.gov,Government Publishing Office
ofr.gov,Government Publishing Office
presidentialdocuments.gov,Government Publishing Office
senatecalendar.gov,Government Publishing Office
uscode.gov,Government Publishing Office
usgovernmentmanual.gov,Government Publishing Office
africanamericanhistorymonth.gov,Library of Congress
americanmemory.gov,Library of Congress
americaslibrary.gov,Library of Congress
asianpacificheritage.gov,Library of Congress
blackhistorymonth.gov,Library of Congress
ccb.gov,Library of Congress
congress.gov,Library of Congress
copyright.gov,Library of Congress
copyrightclaimsboard.gov,Library of Congress
crb.gov,Library of Congress
crs.gov,Library of Congress
currencyreader.gov,Library of Congress
currencyreaderapplication.gov,Library of Congress
digitalpreservation.gov,Library of Congress
digitizationguidelines.gov,Library of Congress
hispanicheritagemonth.gov,Library of Congress
jewishheritage.gov,Library of Congress
jewishheritagemonth.gov,Library of Congress
law.gov,Library of Congress
lctl.gov,Library of Congress
libraryofcongress.gov,Library of Congress
lis.gov,Library of Congress
literacy.gov,Library of Congress
loc.gov,Library of Congress
loctps.gov,Library of Congress
nativeamericanheritagemonth.gov,Library of Congress
read.gov,Library of Congress
section108.gov,Library of Congress
thomas.gov,Library of Congress
tps.gov,Library of Congress
unitedstatescongress.gov,Library of Congress
uscongress.gov,Library of Congress
womenshistorymonth.gov,Library of Congress
macpac.gov,Medicaid and CHIP Payment and Access Commission
medpac.gov,Medical Payment Advisory Commission
compliance.gov,Office of Congressional Workplace Rights
ocwr.gov,Office of Congressional Workplace Rights
coil.gov,Open World Leadership Center
openworld.gov,Open World Leadership Center
stennis.gov,Stennis Center for Public Service
assistantdemocraticleader.gov,The Legislative Branch
cecc.gov,The Legislative Branch
china-commission.gov,The Legislative Branch
chinacommission.gov,The Legislative Branch
csce.gov,The Legislative Branch
democraticleader.gov,The Legislative Branch
democraticwhip.gov,The Legislative Branch
democrats.gov,The Legislative Branch
dems.gov,The Legislative Branch
gop.gov,The Legislative Branch
gopleader.gov,The Legislative Branch
gopwhip.gov,The Legislative Branch
house.gov,The Legislative Branch
housecommunications.gov,The Legislative Branch
housed.gov,The Legislative Branch
housedemocrats.gov,The Legislative Branch
housedems.gov,The Legislative Branch
houselive.gov,The Legislative Branch
housenewsletters.gov,The Legislative Branch
jct.gov,The Legislative Branch
majorityleader.gov,The Legislative Branch
majoritywhip.gov,The Legislative Branch
minoritywhip.gov,The Legislative Branch
ppdcecc.gov,The Legislative Branch
republicanleader.gov,The Legislative Branch
republicans.gov,The Legislative Branch
republicanwhip.gov,The Legislative Branch
speaker.gov,The Legislative Branch
taxreform.gov,The Legislative Branch
tmdbhouse.gov,The Legislative Branch
ushouse.gov,The Legislative Branch
ushr.gov,The Legislative Branch
uscapitolpolice.gov,U.S. Capitol Police
uscp.gov,U.S. Capitol Police
america250.gov,U.S. Semiquincentennial Commission
usa250.gov,U.S. Semiquincentennial Commission
ussemiquincentennial.gov,U.S. Semiquincentennial Commission
uscc.gov,U.S.-China Economic and Security Review Commission
sen.gov,United States Senate
senate.gov,United States Senate
whdpc.gov,Western Hemisphere Drug Policy Commission
openpaymentsdata.cms.gov,Department of Health and Human Services
data.medicaid.gov,Department of Health and Human Services
18f.us,General Services Administration (GSA)
3riverscfc.org,Combined Federal Campaign
aal.army,Department of the Army
academyadmissions.com,Department of Defense (DOD)
adlnet.org,Department of Defense (DOD)
afacademy.af.edu,Department of Defense (DOD)
afneurope.net,Department of Defense (DOD)
afnpacific.net,Department of Defense (DOD)
afpmb.org,Department of Defense (DOD)
afreserve.com,Department of the Air Force
afthunderbirds.com,Department of the Air Force
agfirst.com,Farm Credit Administration
agribank.com,Farm Credit Administration
airdefenseartillery.com,Department of Defense (DOD)
airforce.com,Department of the Air Force
airspacemag.com,Smithsonian Institution
ajb.org,Employment and Training Administration
alaskacfc.org,Combined Federal Campaign
alhurra.com,U.S. Agency for Global Media
americorpsconnect.org,Corporation for National and Community Service
amtrak.com,National Railroad Passenger Corporation
amver.com,U.S. Coast Guard
armedforcessports.com,Department of Defense (DOD)
armyfuturescommand.com,Department of the Army
askjan.org,Department of Labor
atlanticcoastcfc.org,Combined Federal Campaign
auxpa.org,U.S. Coast Guard Auxiliary
aww.aww-sp.com,U.S. Coast Guard
badgerlandcfc.org,Combined Federal Campaign
benefeds.com,Office of Personnel Management (OPM)
bie.edu,Department of the Interior
bobber.info,U.S. Army Corps of Engineers
bushlibrary.tamu.edu,National Archives and Records Administration (NARA)
buyaccessible.net,General Services Administration (GSA)
capmembers.com,U.S. Air Force Auxiliary
careerinfonet.org,Employment and Training Administration
careeronestop.org,Employment and Training Administration
cbacfc.org,Combined Federal Campaign
cbp-ntep.info,Customs and Border Patrol (CBP)
cdcnpin.org,Centers for Disease Control and Prevention (CDC)
cdse.edu,Department of Defense (DOD)
centralcaliforniacfc.org,Combined Federal Campaign
centralpacfc.org,Combined Federal Campaign
centraltexascfc.org,Combined Federal Campaign
cf-cfc.org,Combined Federal Campaign
cfc-centralok.org,Combined Federal Campaign
cfcaaga.org,Combined Federal Campaign
cfcaz.org,Combined Federal Campaign
cfccoastalga.org,Combined Federal Campaign
cfcforthood.org,Combined Federal Campaign
cfcgive.org,Combined Federal Campaign
cfcgno.org,Combined Federal Campaign
cfcgreaterarkansas.org,Combined Federal Campaign
cfcgreaternc.org,Combined Federal Campaign
cfcindiana.org,Combined Federal Campaign
cfcmaine.org,Combined Federal Campaign
cfcmidsouth.org,Combined Federal Campaign
cfcmontereysantacruz.org,Combined Federal Campaign
cfcnca.org,Combined Federal Campaign
cfcnexus.org,Combined Federal Campaign
cfcnnj.org,Combined Federal Campaign
cfcnorthtexas.org,Combined Federal Campaign
cfcnps.org,Combined Federal Campaign
cfcofcva.org,Combined Federal Campaign
cfcofgreatersocal.org,Combined Federal Campaign
cfcofthecsra.org,Combined Federal Campaign
cfcredrivervalley.org,Combined Federal Campaign
cfcsanantonio.org,Combined Federal Campaign
cfcsemi.org,Combined Federal Campaign
cfcshr.org,Combined Federal Campaign
cfcsnj.org,Combined Federal Campaign
cfctexasgulfcoast.org,Combined Federal Campaign
cfcvp.org,Combined Federal Campaign
cfcwesternmichigan.org,Combined Federal Campaign
cfcwesternmontana.org,Combined Federal Campaign
cfcwnc.com,Combined Federal Campaign
cfe-dmha.org,Department of Defense (DOD)
cga.edu,U.S. Coast Guard
cgaux.org,U.S. Coast Guard Auxiliary
cge.concursolutions.com,General Services Administration (GSA)
chattanoogacfc.org,Combined Federal Campaign
chemcatbio.org,Department of Energy (DOE)
chicagocfc.net,Combined Federal Campaign
chicagofed.org,Federal Reserve Board
cidi.org,U.S. Agency for International Development (USAID)
cipm.info,National Science Foundation (NSF)
cldcentral.usalearning.net,Office of Personnel Management (OPM)
clevelandfed.org,Federal Reserve Board
clu-in.org,Environmental Protection Agency (EPA)
coastalbendareacfc.org,Combined Federal Campaign
coastalcarolinacfc.org,Combined Federal Campaign
cobank.com,Farm Credit Administration
columbusbenningcfc.org,Combined Federal Campaign
commissaries.com,Defense Commissary Agency (DeCA)
cooperativepatentclassification.org,U.S. Patent and Trademark Office (USPTO)
cooperhewitt.org,Smithsonian Institution
cowvcfc.org,Combined Federal Campaign
ctandwmacfc.org,Combined Federal Campaign
cvand29palmscfc.org,Combined Federal Campaign
cybercemetery.unt.edu,Quasigovernmental
d11nuscgaux.info,U.S. Coast Guard Auxiliary
d13cgaux.com,U.S. Coast Guard Auxiliary
dallasfed.org,Federal Reserve Board
deamuseum.org,Drug Enforcement Agency (DEA)
defensetv.tv,Department of Defense (DOD)
dfwmetroplexcfc.org,Combined Federal Campaign
dhs-summit.us,Department of Homeland Security (DHS)
digitalvaults.org,National Archives and Records Administration (NARA)
docsteach.org,National Archives and Records Administration (NARA)
dodccrp.org,Department of Defense (DOD)
dodea.edu,Department of Defense (DOD)
dodsbir.net,Department of Defense (DOD)
dodstarbase.org,Department of Defense (DOD)
dvbic.org,Department of Defense (DOD)
dvidshub.net,Department of Defense (DOD)
e2.gov.cwtsatotravel.com,General Services Administration (GSA)
earthkam.ucsd.edu,National Aeronautics and Space Administration (NASA)
earthsystemmodeling.org,National Aeronautics and Space Administration (NASA)
easternmasscfc.org,Combined Federal Campaign
efts.scportal.us,Department of Defense
elcivicsonline.org,Department of Education (ED)
enviroflash.info,Environmental Protection Agency (EPA)
epa.maps.arcgis.com,Environmental Protection Agency (EPA)
epancic.org,Environmental Protection Agency (EPA)
epaosc.org,Environmental Protection Agency (EPA)
epcfc.org,Combined Federal Campaign
ertsupport.org,Environmental Protection Agency (EPA)
ertvideo.org,Environmental Protection Agency (EPA)
escarosacfc.org,Combined Federal Campaign
fairhousingfirst.org,Department of Housing and Urban Development (HUD)
fanniemae.com,Federal National Mortgage Association
farmcreditbank.com,Farm Credit Administration
farmermac.com,Federal Agricultural Mortgage Corporation
fbiacademy.edu,Federal Bureau of Investigation (FBI)
fcc.us,Federal Communications Commission (FCC)
fd.org,U.S. Courts
fdrlibrary.marist.edu,National Archives and Records Administration (NARA)
federallabs.org,Interagency Collaboration
federalrelay.us,General Services Administration
federalreserveeducation.org,Federal Reserve Board
fhlb-of.com,Interagency Collaboration
fhlb-pgh.com,Interagency Collaboration
fhlb.com,Interagency Collaboration
fhlbanks.com,Interagency Collaboration
fhlbatl.com,Interagency Collaboration
fhlbboston.com,Interagency Collaboration
fhlbc.com,Interagency Collaboration
fhlbcin.com,Interagency Collaboration
fhlbdm.com,Interagency Collaboration
fhlbi.com,Interagency Collaboration
fhlbny.com,Interagency Collaboration
fhlbsea.com,Interagency Collaboration
fhlbsf.com,Interagency Collaboration
fhlbtopeka.com,Interagency Collaboration
findtbresources.org,Centers for Disease Control and Prevention (CDC)
firelab.org,U.S. Forest Service (USFS)
fmjfee.com,U.S. Citizenship and Immigration Service (USCIS)
forestryimages.org,U.S. Forest Service (USFS)
frbatlanta.org,Federal Reserve Board
frbsf.org,Federal Reserve Board
freddiemac.com,Federal Home Loan Mortgage Corporation
freefilefillableforms.com,Internal Revenue Service
fsafeds.com,Office of Personnel Management (OPM)
ftcampbellareacfc.org,Combined Federal Campaign
gatewaycfc.org,Combined Federal Campaign
genomereference.org,Department of Health and Human Services (HHS)
georgewbushlibrary.smu.edu,National Archives and Records Administration (NARA)
getsmartaboutdrugs.com,Drug Enforcement Agency (DEA)
glnpo.net,Environmental Protection Agency (EPA)
goang.com,Department of the Air Force
goarmy.com,Department of the Army
gocivilairpatrol.com,U.S. Air Force Auxiliary
gocoastguard.com,U.S. Coast Guard
godirect.org,Federal Reserve Board
gopcfc.org,Combined Federal Campaign
greaterhartfordcfc.org,Combined Federal Campaign
greatermscfc.org,Combined Federal Campaign
greaterwicfc.org,Combined Federal Campaign
greencountrycfc.org,Combined Federal Campaign
heartlandcfc.org,Combined Federal Campaign
heartofalabamacfc.org,Combined Federal Campaign
heartofthemidlandscfc.org,Combined Federal Campaign
homelandsecurity.conferenceon.tv,Department of Homeland Security (DHS)
hsdl.org,Department of Homeland Security (DHS)
hubblesite.org,National Aeronautics and Space Administration (NASA)
hudexchange.info,Department of Housing and Urban Development (HUD)
hudhomestore.com,Department of Housing and Urban Development (HUD)
hudhre.info,Department of Housing and Urban Development (HUD)
hudnsphelp.info,Department of Housing and Urban Development (HUD)
huduser.org,Department of Housing and Urban Development (HUD)
igs.org,National Aeronautics and Space Administration (NASA)
iipdigital.ait.org.tw,Department of State (DOS)
illowacfc.org,Combined Federal Campaign
informationrx.org,Health and Human Services (HHS)
insidevoa.com,U.S. Agency for Global Media
intermountaincfc.org,Combined Federal Campaign
inwcfc.org,Combined Federal Campaign
jamrs.org,Department of Defense (DOD)
jfklibrary.org,National Archives and Records Administration (NARA)
jlab.org,Department of Energy (DOE)
johnsoncity-mountainhomecfc.org,Combined Federal Campaign
kansascfc.org,Combined Federal Campaign
kcp.com,Department of Energy (DOE)
knowyouroptions.com,Federal National Mortgage Association
ktcfc.org,Combined Federal Campaign
lbjlibrary.org,National Archives and Records Administration (NARA)
leopold.wilderness.net,U.S. Forest Service (USFS)
lifeasamarine.com,U.S. Marine Corps (USMC)
literacydirectory.org,Department of Education (ED)
livingmemorialsproject.net,U.S. Forest Service (USFS)
makersinspaces.org,Department of State
manufacturingusa.com,National Institute of Standards and Technology
maricopacfc.org,Combined Federal Campaign
marineforlife.org,U.S. Marine Corps (USMC)
marinemarathon.com,U.S. Marine Corps (USMC)
marines.com,U.S. Marine Corps (USMC)
marshallcenter.org,George C. Marshall European Center for Security Studies
martinoticias.com,U.S. Agency for Global Media
mcmregistration.com,U.S. Marine Corps (USMC)
mdacareers.com,Missile Defense Agency
metrodenvercfc.org,Combined Federal Campaign
miamivalleycfc.org,Combined Federal Campaign
micanaldepanama.com,Autoridad del Canal de Panama/Panama Canal Authority
michcfc.org,Combined Federal Campaign
midlandsareacfc.org,Combined Federal Campaign
minneapolisfed.org,Federal Reserve Board
moneyfactory.com,Bureau of Engraving and Printing
moon-cal.org,U.S. Geological Survey (USGS)
myedaccount.com,Department of Education (ED)
myfuture.com,Department of Defense (DOD)
mymcx.com,U.S. Marine Corps
mynextmove.org,Employment and Training Administration
myskillsmyfuture.org,Employment and Training Administration
nagb.org,National Assessment Governing Board
nasa-usa.de,National Aeronautical and Space Administration (NASA)
nationalatlas.com,Department of Interior (DOI)
nationalatlas.org,Department of Interior (DOI)
nationalguard.com,U.S. National Guard
navy.com,Department of the Navy
navyreserve.com,Department of the Navy
ncwvcfc.org,Combined Federal Campaign
ndu.edu,National Defense University (NDU)
neabigread.org,National Endowment for the Arts (NEA)
necfuture.com,Federal Railroad Administration
nefl-sega-cfc.org,Combined Federal Campaign
nepacfc.org,Combined Federal Campaign
nevadacfc.org,Combined Federal Campaign
newhire-reporting.com,Administration for Children and Families
newmexicocfc.org,Combined Federal Campaign
newyorkfed.org,Federal Reserve Board
noradsanta.org,North American Aerospace Defense Command (NORAD)
norcalcfc.org,Combined Federal Campaign
northcoastcfc.org,Combined Federal Campaign
northernlightscfc.org,Combined Federal Campaign
northernnewenglandcfc.org,Combined Federal Campaign
northwestfloridacfc.org,Combined Federal Campaign
nps.edu,Naval Postgraduate School
nsopw.org,Department of Justice (DOJ)
nutmegcfc.org,Combined Federal Campaign
nyccfc.org,Combined Federal Campaign
okaloosa-waltoncfc.org,Combined Federal Campaign
onecpd.info,Department of Housing and Urban Development
onetonline.org,Employment and Training Administration
onslowcountycfc.org,Combined Federal Campaign
opengovplatform.org,General Services Administration (GSA)
orvcfc.org,Combined Federal Campaign
oup.org,Department of Housing and Urban Development
ownyourlimits.org,Department of Defense
pacificnwcfc.org,Combined Federal Campaign
pancanal.com,Autoridad del Canal de Panama/Panama Canal Authority
pantex.com,Department of Energy (DOE)
pbgc.org,Pension Benefit Guarantee Corporation (PBGC)
peakcfc.com,Combined Federal Campaign
pepfar.net,Department of State (DOS)
philadelphiafed.org,Federal Reserve Board
phpartners.org,Employment and Training Administration
potomaccfc.org,Combined Federal Campaign
project-open-data.github.io,General Services Administration (GSA)
psctool.us,Department of Defense
psoppc.com,Department of Health and Human Services (HHS)
psoppc.net,Department of Health and Human Services (HHS)
psoppc.org,Department of Health and Human Services (HHS)
r3coastal.com,Federal Emergency Management Agency (FEMA)
radiosawa.com,U.S. Agency for Global Media
realwarriors.net,Department of Defense
reirs.com,Nuclear Regulatory Commission
rewardsforjustice.net,Department of State (DOS)
rfa.org,U.S. Agency for Global Media
rferl.org,U.S. Agency for Global Media
riandsemacfc.org,Combined Federal Campaign
richmondfed.org,Federal Reserve Board
rockymountaincfc.org,Combined Federal Campaign
sanangelocfc.org,Combined Federal Campaign
scportal.us,Department of Defense
senccfc.org,Combined Federal Campaign
sepa-lehighcfc.org,Combined Federal Campaign
sftool.ecomedes.com,General Services Administration (GSA)
si.edu,Smithsonian Institution
smithsonian.com,Smithsonian Institution
smithsonian.org,Smithsonian Institution
smithsonianchannel.com,Smithsonian Institution
smithsonianeducation.org,Smithsonian Institution
smithsonianjourneys.org,Smithsonian Institution
smithsonianmag.com,Smithsonian Institution
smithsonianscience.org,Smithsonian Institution
smithsonianstore.com,Smithsonian Institution
smokeybear.com,U.S. Forest Service (USFS)
smokymountaincfc.org,Combined Federal Campaign
socalcfc.org,Combined Federal Campaign
southwestfloridacfc.org,Combined Federal Campaign
spaceappschallenge.org,National Aeronautics and Space Administration (NASA)
stripes.com,Department of Defense
suicidepreventionlifeline.org,Substance Abuse and Mental Health Services Administration
suncoastcfc.org,Combined Federal Campaign
t2health.org,Department of Defense
thecommunityguide.org,Department of Health and Human Services
theshoalscfc.org,Combined Federal Campaign
tnregionalcfc.org,Combined Federal Campaign
todaysdocument.tumblr.com,National Archives and Records Administration (NARA)
todaysmilitary.com,Department of Defense
trainex.org,Environmental Protection Agency (EPA)
trumanlibrary.org,National Archives and Records Administration (NARA)
tva.com,Tennessee Valley Authority
tvaed.com,Tennessee Valley Authority
tvars.com,Tennessee Valley Authority
us-mission.ch,Department of State (DOS)
usafa.edu,Department of the Air Force
usarmyjrotc.com,Department of the Army
usarmymars.org,US Army Network Enterprise Technology Command
uscga.edu,U.S. Coast Guard
uscgalaska.com,U.S. Coast Guard
uscgaux.info,U.S. Coast Guard Auxiliary
uscgboating.org,U.S. Coast Guard
uscgnews.com,U.S. Coast Guard
usda.mannlib.cornell.edu,Department of Agriculture (USDA)
usdirectexpress.com,Bureau of Fiscal Service
usembassy-china.org.cn,Department of State (DOS)
usma.edu,Department of the Army
usmc-mccs.org,U.S. Marine Corps
usmcu.edu,Marine Corps University
usmma.edu,United States Merchant Marine Academy
usna.edu,United States Naval Academy
usps.com,U.S. Postal Service
ustraveldocs.com,Department of State (DOS)
usu.edu/beetle,U.S. Forest Service (USFS)
usuhs.edu,Uniformed Services University of the Health Services
vasc.org/erc,National Aeronautics and Space Administration
veteranscrisisline.net,Department of Veterans Affairs (VA)
veteranshealthlibrary.org,
vetmedinfo.org,Health and Human Services (HHS)
voanews.com,U.S. Agency for Global Media
voatour.com,U.S. Agency for Global Media
war-on-pineapple.com,Department of Homeland Security
waterqualitydata.us,Department of Interior
westernmacfc.org,Combined Federal Campaign
westernmarylandcfc.org,Combined Federal Campaign
westpoint.edu,Department of the Army
wibeaches.us,Department of the Interior
ycq2.org,Department of Defense
yes-abroad.org,Department of State
yesprograms.org,Department of State
abmceducation.org,American Battle Memorial Commission
csosa.biz,Court Services and Offender Supervision Agency
csosa.co,Court Services and Offender Supervision Agency
csosa.com,Court Services and Offender Supervision Agency
csosa.info,Court Services and Offender Supervision Agency
csosa.me,Court Services and Offender Supervision Agency
csosa.mobi,Court Services and Offender Supervision Agency
csosa.net,Court Services and Offender Supervision Agency
csosa.org,Court Services and Offender Supervision Agency
csosadev.net,Court Services and Offender Supervision Agency
dcsafesurrender.com,Court Services and Offender Supervision Agency
dcsafesurrender.net,Court Services and Offender Supervision Agency
dcsafesurrender.org,Court Services and Offender Supervision Agency
cultureready.org,Department of Defense
americanmadechallenges.org,Department of Energy
actagainstaids.org,Department of Health and Human Services
ahrqadmin.org,Department of Health and Human Services
ahrqdev.org,Department of Health and Human Services
ahrqstg.org,Department of Health and Human Services
brainattackcoalition.org,Department of Health and Human Services
cahpsusernetwork.net,Department of Health and Human Services
ccwdata.org,Department of Health and Human Services
cdcpartners.org,Department of Health and Human Services
cfsrportal.org,Department of Health and Human Services
chainonline.org,Department of Health and Human Services
charmm.org,Department of Health and Human Services
charmmtutorial.org,Department of Health and Human Services
citdbase.org,Department of Health and Human Services
coronaviruspreventionnetwork.org,Department of Health and Human Services
csscoperations.com,Department of Health and Human Services
ctsu.org,Department of Health and Human Services
detroitself.org,Department of Health and Human Services
directihs.net,Department of Health and Human Services
docline.org,Department of Health and Human Services
every-try-counts.org,Department of Health and Human Services
everytry.org,Department of Health and Human Services
everytrycounts.org,Department of Health and Human Services
fatherhoodgov.info,Department of Health and Human Services
gem-beta.org,Department of Health and Human Services
gem-measures.org,Department of Health and Human Services
genbank.com,Department of Health and Human Services
genbank.net,Department of Health and Human Services
genbank.org,Department of Health and Human Services
genbank.xyz,Department of Health and Human Services
gratefulmed.com,Department of Health and Human Services
gratefulmed.info,Department of Health and Human Services
gratefulmed.net,Department of Health and Human Services
gratefulmed.org,Department of Health and Human Services
hapmap.org,Department of Health and Human Services
hcgov.us,Department of Health and Human Services
hearttruth.com,Department of Health and Human Services
hearttruth.net,Department of Health and Human Services
hearttruth.org,Department of Health and Human Services
hfpp-ttp.org,Department of Health and Human Services
howrightnow.com,Department of Health and Human Services
howrightnow.online,Department of Health and Human Services
howrightnow.org,Department of Health and Human Services
igm.org,Department of Health and Human Services
informationrx.info,Department of Health and Human Services
informationrx.net,Department of Health and Human Services
loansomedoc.net,Department of Health and Human Services
loansomedoc.org,Department of Health and Human Services
medicalbillrights.com,Department of Health and Human Services
medicalbillrights.net,Department of Health and Human Services
medicalbillrights.org,Department of Health and Human Services
medlars.com,Department of Health and Human Services
medlars.info,Department of Health and Human Services
medlars.net,Department of Health and Human Services
medlars.org,Department of Health and Human Services
medlars.us,Department of Health and Human Services
medlineplus.com,Department of Health and Human Services
medlineplus.net,Department of Health and Human Services
medlineplus.org,Department of Health and Human Services
medlneplus.com,Department of Health and Human Services
medlneplus.info,Department of Health and Human Services
mepsdocs.org,Department of Health and Human Services
mepstech.com,Department of Health and Human Services
mesh.org,Department of Health and Human Services
namrs.net,Department of Health and Human Services
ncands.net,Department of Health and Human Services
ncats.io,Department of Health and Human Services
nci-fyi.org,Department of Health and Human Services
ncihub.org,Department of Health and Human Services
nhlbiwgs.org,Department of Health and Human Services
nih.com,Department of Health and Human Services
nihseniorhealth.biz,Department of Health and Human Services
nihseniorhealth.com,Department of Health and Human Services
nihseniorhealth.info,Department of Health and Human Services
nihseniorhealth.net,Department of Health and Human Services
nihseniorhealth.org,Department of Health and Human Services
nlm.net,Department of Health and Human Services
nlm.org,Department of Health and Human Services
nlmgiftshop.com,Department of Health and Human Services
nlmgiftshop.info,Department of Health and Human Services
nlmgiftshop.net,Department of Health and Human Services
oahpmdata.net,Department of Health and Human Services
pccds-ln.org,Department of Health and Human Services
pccqualitymonitoring.com,Department of Health and Human Services
pcorcds-ln.org,Department of Health and Human Services
phiresearchlab.org,Department of Health and Human Services
phs-nurse.org,Department of Health and Human Services
presidentschallenge.org,Department of Health and Human Services
proteincapture.org,Department of Health and Human Services
psoppc.info,Department of Health and Human Services
pubchem.biz,Department of Health and Human Services
pubchem.info,Department of Health and Human Services
pubchem.us,Department of Health and Human Services
pubmed-central.com,Department of Health and Human Services
pubmed-central.info,Department of Health and Human Services
pubmed-central.net,Department of Health and Human Services
pubmed-central.org,Department of Health and Human Services
pubmedcentral.info,Department of Health and Human Services
pubmedcentral.us,Department of Health and Human Services
qualitynet.org,Department of Health and Human Services
quehacerahora.org,Department of Health and Human Services
racwarehouse.org,Department of Health and Human Services
scienceforum.sc,Department of Health and Human Services
sisterstudy.org,Department of Health and Human Services
sitenv.org,Department of Health and Human Services
ssbgportal.net,Department of Health and Human Services
thehearttruth.com,Department of Health and Human Services
thehearttruth.net,Department of Health and Human Services
thehearttruth.org,Department of Health and Human Services
thesisterstudy.org,Department of Health and Human Services
uspreventiveservicestaskforce.org,Department of Health and Human Services
vaccinefinder.org,Department of Health and Human Services
vetmed.wiki,Department of Health and Human Services
vetmedinfo.net,Department of Health and Human Services
worklife4you.com,Department of Health and Human Services
cdmdashboard.com,Department of Homeland Security
cyberstorm8.com,Department of Homeland Security
protectivedns.net,Department of Homeland Security
acinet.org,Department of Labor
alx.org,Department of Labor
bonds4jobs.com,Department of Labor
capeyouth.org,Department of Labor
epolicyworks.org,Department of Labor
euusosh.org,Department of Labor
inclusiveapprenticeship.org,Department of Labor
jcmarketplace.com,Department of Labor
jcsuccess.org,Department of Labor
jctalentworks.com,Department of Labor
jobcorps.org,Department of Labor
joinjobcorps.com,Department of Labor
mynextmove.org,Department of Labor
neapmap.com,Department of Labor
onetcenter.org,Department of Labor
peatworks.org,Department of Labor
servicelocator.org,Department of Labor
useuosh.org,Department of Labor
ustedquepuedehacer.org,Department of Labor
whatcanyoudocampaign.org,Department of Labor
workforcegps.org,Department of Labor
rfj.tips,Department of State
doi.net,Department of the Interior
fedroom.com,General Services Administration
cfcgiving.org,Office of Personnel Management
combinedfederal.org,Office of Personnel Management
federalcampaign.org,Office of Personnel Management
usajobs.com,Office of Personnel Management
usajobsassess.com,Office of Personnel Management
usajobsassess.us,Office of Personnel Management
usajobsrecruit.com,Office of Personnel Management
usajobsrecruit.us,Office of Personnel Management
xsp.org,Office of Personnel Management
pbgc.biz,Pension Benefit Guaranty Corporation
pbgc.com,Pension Benefit Guaranty Corporation
pbgc.net,Pension Benefit Guaranty Corporation
pbgc.us,Pension Benefit Guaranty Corporation
howeycoins.com,Securities and Exchange Commission
artcollectorsprogram.org,Smithsonian Institution
cicadamerch.com,Smithsonian Institution
discoverytheater.org,Smithsonian Institution
ecosystemsontheedge.org,Smithsonian Institution
ellajenkins.com,Smithsonian Institution
mughalgardens.org,Smithsonian Institution
museumonmainstreet.org,Smithsonian Institution
nmaahcstore.com,Smithsonian Institution
paleoglot.org,Smithsonian Institution
searchablemuseum.com,Smithsonian Institution
seecstories.com,Smithsonian Institution
smithsonianapa.org,Smithsonian Institution
smithsonianchambermusic.org,Smithsonian Institution
smithsoniancraft2wear.org,Smithsonian Institution
smithsoniancraftshow.org,Smithsonian Institution
smithsonianearthtv.com,Smithsonian Institution
smithsonianstudentadventures.com,Smithsonian Institution
monitor.net.co,United States Agency for International Development
otianywhere.net,United States Agency for International Development 
shopvcs.com,Department of Veterans Affairs
treatmentworksforvets.org,Department of Veterans Affairs
vaitcampus.com,Department of Veterans Affairs
vavmc.com,Department of Veterans Affairs
usarmyband.com,Department of Defense
jocogov.org,"Johnson County, Kansas"
altoonawater.gov,Altoona Water Authority
cityofmonongahela-pa.gov,"City of Monongahela, Pennsylvania"
bha.colorado.gov,Colorado Behavioral Health Administration
earthquake.usgs.gov,United States Geological Survey
waterdata.usgs.gov,United States Geological Survey
dashboard.waterdata.usgs.gov,United States Geological Survey
store.usgs.gov,United States Geological Survey
earthexplorer.usgs.gov,United States Geological Survey
ngmdb.usgs.gov,United States Geological Survey
ers.cr.usgs.gov,United States Geological Survey
volcanoes.usgs.gov,United States Geological Survey
water.usgs.gov,United States Geological Survey
ipdaac.usgs.gov,United States Geological Survey
apps.nationalmap.gov,United States Geological Survey
