Domain,Error,Email
loiusiana.gov,"FetchError: request to http://loiusiana.gov/ failed, reason: getaddrinfo ENOTFOUND loiusiana.gov",undefined
wisconsin.gov,"FetchError: request to http://wisconsin.gov/ failed, reason: read ECONNRESET",undefined
afrh.gov,"FetchError: request to http://afrh.gov/ failed, reason: getaddrinfo ENOTFOUND afrh.gov",Stanley.Whitehead@afrh.gov
ic.gov,"FetchError: request to http://ic.gov/ failed, reason: getaddrinfo ENOTFOUND ic.gov",(blank)
istac.gov,"FetchError: request to http://istac.gov/ failed, reason: getaddrinfo ENOTFOUND istac.gov",(blank)
osde.gov,"FetchError: request to http://osde.gov/ failed, reason: getaddrinfo EAI_AGAIN osde.gov",(blank)
opensource.gov,"FetchError: request to http://opensource.gov/ failed, reason: socket hang up",(blank)
ucia.gov,"FetchError: request to http://ucia.gov/ failed, reason: getaddrinfo ENOTFOUND ucia.gov",(blank)
coldcaserecords.gov,"FetchError: request to http://coldcaserecords.gov/ failed, reason: getaddrinfo ENOTFOUND coldcaserecords.gov",gsa-vulnerability-reports@gsa.gov
devcftc.gov,"FetchError: request to http://devcftc.gov/ failed, reason: getaddrinfo ENOTFOUND devcftc.gov",esoc@cftc.gov
cfpa.gov,"FetchError: request to https://cfpa.gov/ failed, reason: write EPROTO 706D0000:error:0A000152:SSL routines:final_renegotiate:unsafe legacy renegotiation disabled:c:\ws\deps\openssl\openssl\ssl\statem\extensions.c:922: ",security@cfpb.gov
bcfp.gov,"FetchError: request to https://bcfp.gov/ failed, reason: write EPROTO 706D0000:error:0A000152:SSL routines:final_renegotiate:unsafe legacy renegotiation disabled:c:\ws\deps\openssl\openssl\ssl\statem\extensions.c:922: ",security@cfpb.gov
cfpb.gov,"FetchError: request to https://cfpb.gov/ failed, reason: write EPROTO 706D0000:error:0A000152:SSL routines:final_renegotiate:unsafe legacy renegotiation disabled:c:\ws\deps\openssl\openssl\ssl\statem\extensions.c:922: ",security@cfpb.gov
consumerbureau.gov,"FetchError: request to https://consumerbureau.gov/ failed, reason: write EPROTO 706D0000:error:0A000152:SSL routines:final_renegotiate:unsafe legacy renegotiation disabled:c:\ws\deps\openssl\openssl\ssl\statem\extensions.c:922: ",security@cfpb.gov
consumerfinance.gov,"FetchError: request to https://consumerfinance.gov/ failed, reason: write EPROTO 706D0000:error:0A000152:SSL routines:final_renegotiate:unsafe legacy renegotiation disabled:c:\ws\deps\openssl\openssl\ssl\statem\extensions.c:922: ",security@cfpb.gov
consumerfinancial.gov,"FetchError: request to https://consumerfinancial.gov/ failed, reason: write EPROTO 706D0000:error:0A000152:SSL routines:final_renegotiate:unsafe legacy renegotiation disabled:c:\ws\deps\openssl\openssl\ssl\statem\extensions.c:922: ",security@cfpb.gov
consumerfinancialbureau.gov,"FetchError: request to https://consumerfinancialbureau.gov/ failed, reason: write EPROTO 706D0000:error:0A000152:SSL routines:final_renegotiate:unsafe legacy renegotiation disabled:c:\ws\deps\openssl\openssl\ssl\statem\extensions.c:922: ",security@cfpb.gov
consumerprotection.gov,"FetchError: request to https://consumerprotection.gov/ failed, reason: write EPROTO 706D0000:error:0A000152:SSL routines:final_renegotiate:unsafe legacy renegotiation disabled:c:\ws\deps\openssl\openssl\ssl\statem\extensions.c:922: ",security@cfpb.gov
consumerprotectionbureau.gov,"FetchError: request to https://consumerprotectionbureau.gov/ failed, reason: write EPROTO 706D0000:error:0A000152:SSL routines:final_renegotiate:unsafe legacy renegotiation disabled:c:\ws\deps\openssl\openssl\ssl\statem\extensions.c:922: ",security@cfpb.gov
consumerfinancialprotectionbureau.gov,"FetchError: request to https://consumerfinancialprotectionbureau.gov/ failed, reason: write EPROTO 706D0000:error:0A000152:SSL routines:final_renegotiate:unsafe legacy renegotiation disabled:c:\ws\deps\openssl\openssl\ssl\statem\extensions.c:922: ",security@cfpb.gov
acc.gov,"FetchError: request to http://acc.gov/ failed, reason: getaddrinfo ENOTFOUND acc.gov",unsafe@cns.gov
americanclimatecorps.gov,"FetchError: request to http://americanclimatecorps.gov/ failed, reason: getaddrinfo ENOTFOUND americanclimatecorps.gov",unsafe@cns.gov
ccc.gov,"FetchError: request to http://ccc.gov/ failed, reason: getaddrinfo ENOTFOUND ccc.gov",unsafe@cns.gov
cncs.gov,"FetchError: request to http://cncs.gov/ failed, reason: getaddrinfo ENOTFOUND cncs.gov",Unsafe@cns.gov
cns.gov,"FetchError: request to http://cns.gov/ failed, reason: getaddrinfo ENOTFOUND cns.gov",Unsafe@cns.gov
mentor.gov,"FetchError: request to https://mentor.gov/ failed, reason: unable to verify the first certificate",Unsafe@cns.gov
joinamericorps.gov,"FetchError: request to https://joinamericorps.gov/ failed, reason: unable to verify the first certificate",Unsafe@cns.gov
mlkday.gov,"FetchError: request to https://mlkday.gov/ failed, reason: unable to verify the first certificate",Unsafe@cns.gov
nationalservice.gov,"FetchError: request to https://nationalservice.gov/ failed, reason: unable to verify the first certificate",Unsafe@cns.gov
vistacampus.gov,"FetchError: request to https://vistacampus.gov/ failed, reason: unable to verify the first certificate",Unsafe@cns.gov
serve.gov,"FetchError: request to https://serve.gov/ failed, reason: unable to verify the first certificate",Unsafe@cns.gov
volunteeringinamerica.gov,"FetchError: request to https://volunteeringinamerica.gov/ failed, reason: unable to verify the first certificate",Unsafe@cns.gov
cigie.gov,"FetchError: request to http://cigie.gov/ failed, reason: getaddrinfo ENOTFOUND cigie.gov",security@cigie.gov
pandemicoversight.gov,"FetchError: request to https://pandemicoversight.gov/ failed, reason: certificate has expired",security@cigie.gov
dnfsb.gov,"FetchError: request to http://dnfsb.gov/ failed, reason: getaddrinfo ENOTFOUND dnfsb.gov",cyberalerts@dnfsb.gov
bldrdoc.gov,"FetchError: request to http://bldrdoc.gov/ failed, reason: getaddrinfo ENOTFOUND bldrdoc.gov",siirt@nist.gov
tx.gov,"FetchError: request to http://tx.gov/ failed, reason: connect ETIMEDOUT 204.66.40.181:80",undefined
internetforall.gov,"FetchError: request to https://internetforall.gov/ failed, reason: unable to verify the first certificate",NTIA-SecOps@ntia.gov
internet4all.gov,"FetchError: request to https://internet4all.gov/ failed, reason: unable to verify the first certificate",NTIA-SecOps@ntia.gov
luca-appeals.gov,"FetchError: request to https://luca-appeals.gov/ failed, reason: read ECONNRESET",boc.cirt@census.gov
odci.gov,"FetchError: request to http://odci.gov/ failed, reason: connect ETIMEDOUT 198.81.129.100:80",(blank)
nwirp.gov,"FetchError: request to http://nwirp.gov/ failed, reason: getaddrinfo ENOTFOUND nwirp.gov",siirt@nist.gov
ofcm.gov,"FetchError: request to http://ofcm.gov/ failed, reason: getaddrinfo ENOTFOUND ofcm.gov",security@noaa.gov
dnsops.gov,"FetchError: request to http://dnsops.gov/ failed, reason: getaddrinfo ENOTFOUND dnsops.gov",antd-siirt@nist.gov
aftac.gov,"FetchError: request to http://aftac.gov/ failed, reason: getaddrinfo ENOTFOUND aftac.gov",dco@aftac.gov
time.gov,"FetchError: request to http://time.gov/ failed, reason: ",siirt@nist.gov
ctoc.gov,"FetchError: request to http://ctoc.gov/ failed, reason: getaddrinfo EAI_AGAIN ctoc.gov",(blank)
dc3on.gov,"FetchError: request to http://dc3on.gov/ failed, reason: getaddrinfo ENOTFOUND dc3on.gov",(blank)
psa.gov,"FetchError: request to http://psa.gov/ failed, reason: connect ETIMEDOUT 52.247.60.231:80",PSAITSecurity@PSA.gov
pretrialservices.gov,"FetchError: request to http://pretrialservices.gov/ failed, reason: connect ETIMEDOUT 52.247.60.231:80",PSAITSecurity@PSA.gov
tsunami.gov,"TypeError: Invalid URL",security@noaa.gov
cnss.gov,"FetchError: request to https://cnss.gov/ failed, reason: self-signed certificate in certificate chain",(blank)
intelligencecareers.gov,"FetchError: request to http://intelligencecareers.gov/ failed, reason: getaddrinfo ENOTFOUND intelligencecareers.gov",Njsause@nsa.gov
itc.gov,"FetchError: request to http://itc.gov/ failed, reason: getaddrinfo ENOTFOUND itc.gov",itcrowd@itc.gov
jccs.gov,"FetchError: request to http://jccs.gov/ failed, reason: getaddrinfo ENOTFOUND jccs.gov",(blank)
lps.gov,"FetchError: request to http://lps.gov/ failed, reason: getaddrinfo ENOTFOUND lps.gov",MD
businessdefense.gov,"FetchError: request to http://businessdefense.gov/ failed, reason: getaddrinfo ENOTFOUND businessdefense.gov",DC
icts.gov,"FetchError: request to http://icts.gov/ failed, reason: connect ETIMEDOUT 20.158.41.194:80",bis.cirt@bis.doc.gov
mtmc.gov,"FetchError: request to http://mtmc.gov/ failed, reason: getaddrinfo ENOTFOUND mtmc.gov",(blank)
nro.gov,"FetchError: request to http://nro.gov/ failed, reason: getaddrinfo ENOTFOUND nro.gov",bakersir@nro.mil
ntis.gov,"FetchError: request to http://ntis.gov/ failed, reason: ",security@ntis.gov
altusandc.gov,"FetchError: request to http://altusandc.gov/ failed, reason: connect ETIMEDOUT 198.47.65.101:80",dco@aftac.gov
mypay.gov,"FetchError: request to http://mypay.gov/ failed, reason: getaddrinfo ENOTFOUND mypay.gov",(blank)
privacyshield.gov,"AbortError: The operation was aborted.",OpSec@trade.gov
fehrm.gov,"FetchError: request to http://fehrm.gov/ failed, reason: connect ETIMEDOUT 52.223.36.208:80",christopher.c.wallace.civ@health.mil
oneaftac.gov,"FetchError: request to http://oneaftac.gov/ failed, reason: getaddrinfo ENOTFOUND oneaftac.gov",dco@aftac.gov
usandc.gov,"FetchError: request to http://usandc.gov/ failed, reason: getaddrinfo ENOTFOUND usandc.gov",dco@aftac.gov
tasefiling.gov,"AbortError: The operation was aborted.",OpSec@trade.gov
oea.gov,"FetchError: request to http://oea.gov/ failed, reason: getaddrinfo ENOTFOUND oea.gov",james.v.evans29.civ@mail.mil
ameslab.gov,"FetchError: request to http://ameslab.gov/ failed, reason: getaddrinfo ENOTFOUND ameslab.gov",cybersec@ameslab.gov
anl.gov,"FetchError: request to http://anl.gov/ failed, reason: getaddrinfo ENOTFOUND anl.gov",CIRC@JC3.DOE.GOV
ioss.gov,"FetchError: request to https://ioss.gov/ failed, reason: self-signed certificate in certificate chain",(blank)
iad.gov,"FetchError: request to https://iad.gov/ failed, reason: self-signed certificate in certificate chain",Njsause@nsa.gov
cebaf.gov,"FetchError: request to http://cebaf.gov/ failed, reason: getaddrinfo ENOTFOUND cebaf.gov",security@jlab.org
hive.gov,"FetchError: request to http://hive.gov/ failed, reason: connect ETIMEDOUT 52.223.37.201:80",christopher.c.wallace.civ@health.mil
fvap.gov,"AbortError: The operation was aborted.",tech@fvap.gov
inel.gov,"FetchError: request to http://inel.gov/ failed, reason: getaddrinfo ENOTFOUND inel.gov",whoisresponse@inl.gov
ntrc.gov,"FetchError: request to http://ntrc.gov/ failed, reason: getaddrinfo ENOTFOUND ntrc.gov",security@ornl.gov
nrelhub.gov,"FetchError: request to http://nrelhub.gov/ failed, reason: getaddrinfo ENOTFOUND nrelhub.gov",CIRC@JC3.DOE.GOV
pcast.gov,"FetchError: request to http://pcast.gov/ failed, reason: getaddrinfo ENOTFOUND pcast.gov",CIRC@JC3.DOE.GOV
pppo.gov,"FetchError: request to http://pppo.gov/ failed, reason: getaddrinfo ENOTFOUND pppo.gov",csnotifications@pppo.gov
pr100.gov,"FetchError: request to http://pr100.gov/ failed, reason: socket hang up",DC
nbib.gov,"AbortError: The operation was aborted.",kevin.crews@opm.gov
nsep.gov,"AbortError: The operation was aborted.",nsep@nsep.gov
solardecathlon.gov,"FetchError: request to http://solardecathlon.gov/ failed, reason: getaddrinfo ENOTFOUND solardecathlon.gov",CIRC@JC3.DOE.GOV
rl.gov,"FetchError: request to http://rl.gov/ failed, reason: getaddrinfo ENOTFOUND rl.gov",jason_r_dandridge@rl.gov
unnpp.gov,"FetchError: request to http://unnpp.gov/ failed, reason: getaddrinfo ENOTFOUND unnpp.gov",PA
srs.gov,"FetchError: request to http://srs.gov/ failed, reason: getaddrinfo ENOTFOUND srs.gov",netsec@srs.gov
oldcc.gov,"AbortError: The operation was aborted.",oea.ncr.OEA.mbx.oea-it-security@mail.mil
tak.gov,"AbortError: The operation was aborted.",security@tak.gov
tswg.gov,"AbortError: The operation was aborted.",cttsosecurity@cttso.gov
ymp.gov,"FetchError: request to http://ymp.gov/ failed, reason: getaddrinfo ENOTFOUND ymp.gov",cybersoc@lm.doe.gov
acf.gov,"FetchError: request to http://acf.gov/ failed, reason: getaddrinfo ENOTFOUND acf.gov",responsibledisclosure@hhs.gov
budgetlob.gov,"AbortError: The operation was aborted.",EDSOC@ed.gov
childstats.gov,"AbortError: The operation was aborted.",EDSOC@ed.gov
collegenavigator.gov,"AbortError: The operation was aborted.",EDSOC@ed.gov
ed.gov,"AbortError: The operation was aborted.",EDSOC@ed.gov
bam.gov,"FetchError: request to http://bam.gov/ failed, reason: getaddrinfo ENOTFOUND bam.gov",ResponsibleDisclosure@hhs.gov
fafsa.gov,"AbortError: The operation was aborted.",EDSOC@ed.gov
g5.gov,"AbortError: The operation was aborted.",EDSOC@ed.gov
nagb.gov,"AbortError: The operation was aborted.",EDSOC@ed.gov
nationsreportcard.gov,"AbortError: The operation was aborted.",EDSOC@ed.gov
studentaid.gov,"AbortError: The operation was aborted.",EDSOC@ed.gov
swpa.gov,"FetchError: request to http://swpa.gov/ failed, reason: ",CyberSecurityTeam@swpa.gov
cdcpartners.gov,"FetchError: request to http://cdcpartners.gov/ failed, reason: getaddrinfo ENOTFOUND cdcpartners.gov",responsibledisclosure@hhs.gov
brainhealth.gov,"FetchError: request to http://brainhealth.gov/ failed, reason: getaddrinfo EAI_AGAIN brainhealth.gov",MD
cerebrosano.gov,"FetchError: request to http://cerebrosano.gov/ failed, reason: getaddrinfo EAI_AGAIN cerebrosano.gov",MD
studentloans.gov,"AbortError: The operation was aborted.",EDSOC@ed.gov
arm.gov,"AbortError: The operation was aborted.",security@arm.gov
biomassboard.gov,"AbortError: The operation was aborted.",CIRC@JC3.DOE.GOV
clinicaltrial.gov,"FetchError: request to http://clinicaltrial.gov/ failed, reason: getaddrinfo ENOTFOUND clinicaltrial.gov",MD
bnl.gov,"AbortError: The operation was aborted.",security@bnl.gov
bpa.gov,"AbortError: The operation was aborted.",security@bpa.gov
buildingamerica.gov,"AbortError: The operation was aborted.",CIRC@JC3.DOE.GOV
casl.gov,"AbortError: The operation was aborted.",security@ornl.gov
arpah.gov,"FetchError: request to http://arpah.gov/ failed, reason: socket hang up",jim.matala@nih.gov
citap.gov,"FetchError: request to https://citap.gov/ failed, reason: Hostname/IP does not match certificate's altnames: Host: citap.gov. is not in the cert's altnames: DNS:nrel.gov, DNS:*.nrel.gov",DC
eia.gov,"AbortError: The operation was aborted.",marc.cree@eia.gov
fruitsandveggiesmatter.gov,"FetchError: request to http://fruitsandveggiesmatter.gov/ failed, reason: getaddrinfo ENOTFOUND fruitsandveggiesmatter.gov",ResponsibleDisclosure@hhs.gov
energycodes.gov,"AbortError: The operation was aborted.",CIRC@JC3.DOE.GOV
energysaver.gov,"AbortError: The operation was aborted.",CIRC@JC3.DOE.GOV
homeenergyscore.gov,"FetchError: request to https://betterbuildingssolutioncenter.energy.gov/home-energy-score failed, reason: unable to verify the first certificate",DL-EEREActioNetWebTeam@ee.doe.gov
hanford.gov,"AbortError: The operation was aborted.",jason_r_dandridge@rl.gov
hydrogen.gov,"AbortError: The operation was aborted.",DL-EEREActioNetWebTeam@ee.doe.gov
nccs.gov,"FetchError: request to https://nccs.gov/ failed, reason: unable to verify the first certificate",security@ornl.gov
ncrc.gov,"FetchError: request to https://ncrc.gov/ failed, reason: unable to verify the first certificate",security@ornl.gov
isotope.gov,"AbortError: The operation was aborted.",security@ornl.gov
nuclear.gov,"FetchError: request to https://nuclear.gov/ failed, reason: Hostname/IP does not match certificate's altnames: Host: nuclear.gov. is not in the cert's altnames: DNS:desktopsupport.doe.gov, DNS:www.desktopsupport.doe.gov",CIRC@JC3.DOE.GOV
lbl.gov,"AbortError: The operation was aborted.",security@lbl.gov
nersc.gov,"AbortError: The operation was aborted.",security@lbl.gov
healthindicators.gov,"FetchError: request to http://healthindicators.gov/ failed, reason: getaddrinfo ENOTFOUND healthindicators.gov",ResponsibleDisclosure@hhs.gov
neup.gov,"AbortError: The operation was aborted.",cyberops@Inl.gov
nrel.gov,"AbortError: The operation was aborted.",CIRC@JC3.DOE.GOV
medicalbillrights.gov,"FetchError: request to http://medicalbillrights.gov/ failed, reason: getaddrinfo ENOTFOUND medicalbillrights.gov",responsibledisclosure@hhs.gov
orau.gov,"AbortError: The operation was aborted.",CIRC@JC3.DOE.GOV
osti.gov,"AbortError: The operation was aborted.",security@osti.gov
ncifcrf.gov,"FetchError: request to http://ncifcrf.gov/ failed, reason: getaddrinfo ENOTFOUND ncifcrf.gov",MD
pnl.gov,"AbortError: The operation was aborted.",CIRC@JC3.DOE.GOV
pnnl.gov,"AbortError: The operation was aborted.",CIRC@JC3.DOE.GOV
pppl.gov,"AbortError: The operation was aborted.",security@pppl.gov
niosh.gov,"FetchError: request to http://niosh.gov/ failed, reason: getaddrinfo ENOTFOUND niosh.gov",ResponsibleDisclosure@hhs.gov
nih.gov,"FetchError: request to http://nih.gov/ failed, reason: socket hang up",ResponsibleDisclosure@hhs.gov
safgrandchallenge.gov,"AbortError: The operation was aborted.",CIRC@JC3.DOE.GOV
sandia.gov,"AbortError: The operation was aborted.",abuse@sandia.gov
science.gov,"AbortError: The operation was aborted.",security@osti.gov
srnl.gov,"AbortError: The operation was aborted.",srnl-cyber@srnl.doe.gov
unrpnet.gov,"AbortError: The operation was aborted.",CorporateCommunications@unnpp.onmicrosoft.com
wapa.gov,"AbortError: The operation was aborted.",NETMGMT@wapa.gov
usbm.gov,"FetchError: request to http://usbm.gov/ failed, reason: getaddrinfo ENOTFOUND usbm.gov",ResponsibleDisclosure@hhs.gov
afterschool.gov,"AbortError: The operation was aborted.",DC
aging.gov,"AbortError: The operation was aborted.",responsibledisclosure@hhs.gov
ahcpr.gov,"AbortError: The operation was aborted.",ResponsibleDisclosure@hhs.gov
ahrq.gov,"AbortError: The operation was aborted.",ResponsibleDisclosure@hhs.gov
aids.gov,"AbortError: The operation was aborted.",DC
alzheimers.gov,"AbortError: The operation was aborted.",MD
aspr.gov,"AbortError: The operation was aborted.",ASPRITHelp@hhs.gov
dns.gov,"FetchError: request to http://dns.gov/ failed, reason: getaddrinfo ENOTFOUND dns.gov",dotgov@cloudflare.com
usphs.gov,"FetchError: request to http://usphs.gov/ failed, reason: connect ECONNREFUSED 158.72.54.231:80",responsibledisclosure@hhs.gov
bioethics.gov,"AbortError: The operation was aborted.",DC
childcare.gov,"AbortError: The operation was aborted.",responsibledisclosure@hhs.gov
know2protect.gov,"FetchError: request to http://know2protect.gov/ failed, reason: getaddrinfo ENOTFOUND know2protect.gov",IS2OSecurity@hq.dhs.gov
nmsc.gov,"FetchError: request to http://nmsc.gov/ failed, reason: getaddrinfo ENOTFOUND nmsc.gov",bertram.dobrie@cbp.dhs.gov
cuidadodesalud.gov,"AbortError: The operation was aborted.",responsibledisclosure@hhs.gov
diabetescommittee.gov,"AbortError: The operation was aborted.",MD
docline.gov,"AbortError: The operation was aborted.",MD
ns.gov,"FetchError: request to http://ns.gov/ failed, reason: getaddrinfo ENOTFOUND ns.gov",dotgov@cloudflare.com
power2prevent.gov,"FetchError: request to http://power2prevent.gov/ failed, reason: getaddrinfo ENOTFOUND power2prevent.gov",is2osecurity@hq.dhs.gov
everytrycounts.gov,"AbortError: The operation was aborted.",responsibledisclosure@hhs.gov
fitness.gov,"AbortError: The operation was aborted.",responsibledisclosure@hhs.gov
freshempire.gov,"AbortError: The operation was aborted.",ResponsibleDisclosure@hhs.gov
globalhealth.gov,"AbortError: The operation was aborted.",MD
hc.gov,"AbortError: The operation was aborted.",responsibledisclosure@hhs.gov
hearttruth.gov,"AbortError: The operation was aborted.",Bethesda
hhs.gov,"AbortError: The operation was aborted.",responsibledisclosure@hhs.gov
hhsoig.gov,"AbortError: The operation was aborted.",responsibledisclosure@hhs.gov
hhsops.gov,"AbortError: The operation was aborted.",MD
idealab.gov,"AbortError: The operation was aborted.",responsibledisclosure@hhs.gov
medicalcountermeasures.gov,"AbortError: The operation was aborted.",DC
opioids.gov,"AbortError: The operation was aborted.",responsibledisclosure@hhs.gov
atfonline.gov,"FetchError: request to http://atfonline.gov/ failed, reason: read ECONNRESET",Washington
bja.gov,"FetchError: request to http://bja.gov/ failed, reason: read ECONNRESET",Responsible_Disclosure@usdoj.gov
bop.gov,"FetchError: request to http://bop.gov/ failed, reason: getaddrinfo ENOTFOUND bop.gov",Responsible_Disclosure@usdoj.gov
doj.gov,"FetchError: request to http://doj.gov/ failed, reason: getaddrinfo ENOTFOUND doj.gov",Responsible_Disclosure@usdoj.gov
whaging.gov,"FetchError: request to http://whaging.gov/ failed, reason: connect ETIMEDOUT 216.178.232.156:80",responsibledisclosure@hhs.gov
fbihr.gov,"FetchError: request to http://fbihr.gov/ failed, reason: getaddrinfo EAI_AGAIN fbihr.gov",Responsible_Disclosure@usdoj.gov
fbilab.gov,"FetchError: request to http://fbilab.gov/ failed, reason: getaddrinfo ENOTFOUND fbilab.gov",Responsible_Disclosure@usdoj.gov
uscg.gov,"FetchError: request to http://uscg.gov/ failed, reason: getaddrinfo ENOTFOUND uscg.gov",c5isc-isd-sec-bps-managers@uscg.mil
fpi.gov,"FetchError: request to http://fpi.gov/ failed, reason: getaddrinfo ENOTFOUND fpi.gov",Responsible_Disclosure@usdoj.gov
cpnireporting.gov,"FetchError: request to http://cpnireporting.gov/ failed, reason: connect ETIMEDOUT 12.131.130.209:80",megan.mcgraw@usss.dhs.gov
jcode.gov,"FetchError: request to http://jcode.gov/ failed, reason: getaddrinfo ENOTFOUND jcode.gov",jcode@fbi.gov
leo.gov,"FetchError: request to http://leo.gov/ failed, reason: getaddrinfo ENOTFOUND leo.gov",Potomac
nsopr.gov,"FetchError: request to http://nsopr.gov/ failed, reason: getaddrinfo ENOTFOUND nsopr.gov",Responsible_Disclosure@usdoj.gov
hudoig.gov,"TypeError: Invalid URL",INFOSECFederalStaff@hudoig.gov
nic.gov,"FetchError: request to http://nic.gov/ failed, reason: ",dotgov@cisa.dhs.gov
reentry.gov,"FetchError: request to http://reentry.gov/ failed, reason: getaddrinfo ENOTFOUND reentry.gov",Responsible_Disclosure@usdoj.gov
ucrdatatool.gov,"FetchError: request to http://ucrdatatool.gov/ failed, reason: getaddrinfo ENOTFOUND ucrdatatool.gov",Responsible_Disclosure@usdoj.gov
juntos.gov,"AbortError: The operation was aborted.",IS2OSecurity@hq.dhs.gov
listo.gov,"AbortError: The operation was aborted.",fema-nosc-cyber@fema.dhs.gov
dol-esa.gov,"FetchError: request to http://dol-esa.gov/ failed, reason: getaddrinfo ENOTFOUND dol-esa.gov",m-DOLCSIRC@dol.gov
labor.gov,"FetchError: request to http://labor.gov/ failed, reason: getaddrinfo EAI_AGAIN labor.gov",m-DOLCSIRC@dol.gov
fha.gov,"AbortError: The operation was aborted.",vdp@hud.gov
ginniemae.gov,"AbortError: The operation was aborted.",ron.e.espedido@hud.gov
malwareinvestigator.gov,"FetchError: request to http://malwareinvestigator.gov/ failed, reason: getaddrinfo ENOTFOUND malwareinvestigator.gov",Responsible_Disclosure@usdoj.gov
devtestfan1.gov,"FetchError: request to http://devtestfan1.gov/ failed, reason: getaddrinfo ENOTFOUND devtestfan1.gov",VDPSubmission@state.gov
fan.gov,"FetchError: request to http://fan.gov/ failed, reason: Parse Error: Expected HTTP/",VDPSubmission@state.gov
fsgb.gov,"FetchError: request to http://fsgb.gov/ failed, reason: getaddrinfo ENOTFOUND fsgb.gov",VDPSubmission@state.gov
nhl.gov,"AbortError: The operation was aborted.",vdp@hud.gov
osac.gov,"FetchError: request to http://osac.gov/ failed, reason: getaddrinfo ENOTFOUND osac.gov",VDPSubmission@state.gov
preprodfan.gov,"FetchError: request to http://preprodfan.gov/ failed, reason: getaddrinfo ENOTFOUND preprodfan.gov",VDPSubmission@state.gov
securitytestfan.gov,"FetchError: request to http://securitytestfan.gov/ failed, reason: getaddrinfo ENOTFOUND securitytestfan.gov",VDPSubmission@state.gov
supportfan.gov,"FetchError: request to http://supportfan.gov/ failed, reason: getaddrinfo ENOTFOUND supportfan.gov",VDPSubmission@state.gov
unicor.gov,"FetchError: request to https://unicor.gov/ failed, reason: unable to verify the first certificate",Responsible_Disclosure@usdoj.gov
amberalert.gov,"AbortError: The operation was aborted.",Responsible_Disclosure@usdoj.gov
usmarshals.gov,"FetchError: request to https://usmarshals.gov/ failed, reason: certificate has expired",USMS-ITD-SwAssetMgmt@usdoj.gov
usdoscloud.gov,"FetchError: request to http://usdoscloud.gov/ failed, reason: getaddrinfo ENOTFOUND usdoscloud.gov",VDPSubmission@state.gov
bts.gov,"FetchError: request to http://bts.gov/ failed, reason: getaddrinfo ENOTFOUND bts.gov",DOT-Cyber-Reporting@dot.gov
bls.gov,"FetchError: request to https://bls.gov/ failed, reason: Hostname/IP does not match certificate's altnames: Host: bls.gov. is not in the cert's altnames: DNS:*.bls.gov, DNS:training.bls.gov, DNS:blscompdata.bls.gov, DNS:download.bls.gov, DNS:www.bls.gov, DNS:joltsdata.bls.gov, DNS:idcfbbs.bls.gov, DNS:idcfoews.bls.gov, DNS:idcfars.bls.gov, DNS:idcf.bls.gov, DNS:cesdata.bls.gov, DNS:blsconfidentialitytraining.bls.gov, DNS:cpidata.bls.gov, DNS:data.bls.gov",m-DOLCSIRC@dol.gov
bats.gov,"AbortError: The operation was aborted.",Responsible_Disclosure@usdoj.gov
faa.gov,"FetchError: request to http://faa.gov/ failed, reason: getaddrinfo ENOTFOUND faa.gov",vulnerabilitydisclosure@faa.gov
cjis.gov,"AbortError: The operation was aborted.",Responsible_Disclosure@usdoj.gov
crimesolutions.gov,"AbortError: The operation was aborted.",Responsible_Disclosure@usdoj.gov
crimevictims.gov,"AbortError: The operation was aborted.",Responsible_Disclosure@usdoj.gov
jccbi.gov,"FetchError: request to http://jccbi.gov/ failed, reason: getaddrinfo ENOTFOUND jccbi.gov",vulnerabilitydisclosure@faa.gov
protectyourmove.gov,"FetchError: request to http://protectyourmove.gov/ failed, reason: getaddrinfo ENOTFOUND protectyourmove.gov",DOT-Cyber-Reporting@dot.gov
cybercrime.gov,"AbortError: The operation was aborted.",Responsible_Disclosure@usdoj.gov
elderjustice.gov,"AbortError: The operation was aborted.",DC
fara.gov,"AbortError: The operation was aborted.",DC
firstfreedom.gov,"AbortError: The operation was aborted.",Responsible_Disclosure@usdoj.gov
forfeiture.gov,"AbortError: The operation was aborted.",MD
juvenilecouncil.gov,"AbortError: The operation was aborted.",Responsible_Disclosure@usdoj.gov
ehr.gov,"FetchError: request to http://ehr.gov/ failed, reason: getaddrinfo ENOTFOUND ehr.gov",Duc.Nguyen1@va.gov
namus.gov,"AbortError: The operation was aborted.",Responsible_Disclosure@usdoj.gov
nationalgangcenter.gov,"AbortError: The operation was aborted.",Responsible_Disclosure@usdoj.gov
ncjrs.gov,"AbortError: The operation was aborted.",Responsible_Disclosure@usdoj.gov
nij.gov,"AbortError: The operation was aborted.",Responsible_Disclosure@usdoj.gov
nmvtis.gov,"AbortError: The operation was aborted.",Responsible_Disclosure@usdoj.gov
ojjdp.gov,"AbortError: The operation was aborted.",Responsible_Disclosure@usdoj.gov
ovc.gov,"AbortError: The operation was aborted.",Responsible_Disclosure@usdoj.gov
projectsafechildhood.gov,"AbortError: The operation was aborted.",Responsible_Disclosure@usdoj.gov
psob.gov,"AbortError: The operation was aborted.",Responsible_Disclosure@usdoj.gov
dotideahub.gov,"FetchError: request to http://dotideahub.gov/ failed, reason: getaddrinfo ENOTFOUND dotideahub.gov",vulnerabilitydisclosure@faa.gov
smart.gov,"AbortError: The operation was aborted.",Responsible_Disclosure@usdoj.gov
boemre.gov,"FetchError: request to http://boemre.gov/ failed, reason: getaddrinfo ENOTFOUND boemre.gov",bseecirc@bsee.gov
bor.gov,"FetchError: request to http://bor.gov/ failed, reason: getaddrinfo ENOTFOUND bor.gov",itsecurity@usbr.gov
distraction.gov,"FetchError: request to https://distraction.gov/ failed, reason: read ECONNRESET",DOT-Cyber-Reporting@dot.gov
cupcao.gov,"FetchError: request to http://cupcao.gov/ failed, reason: getaddrinfo ENOTFOUND cupcao.gov",itsecurity@usbr.gov
ems.gov,"FetchError: request to https://ems.gov/ failed, reason: read ECONNRESET",DOT-Cyber-Reporting@dot.gov
tsc.gov,"AbortError: The operation was aborted.",(blank)
usdoj.gov,"AbortError: The operation was aborted.",Responsible_Disclosure@usdoj.gov
medalofvalor.gov,"FetchError: request to https://www.bja.gov/programs/medalofvalor/index.html failed, reason: read ECONNRESET",Responsible_Disclosure@usdoj.gov
fcg.gov,"FetchError: request to http://fcg.gov/ failed, reason: getaddrinfo ENOTFOUND fcg.gov",security@doi.gov
safecar.gov,"FetchError: request to https://www.safecar.gov/ failed, reason: read ECONNRESET",DOT-Cyber-Reporting@dot.gov
vehiclehistory.gov,"AbortError: The operation was aborted.",Responsible_Disclosure@usdoj.gov
safertruck.gov,"FetchError: request to https://safertruck.gov/ failed, reason: read ECONNRESET",DOT-Cyber-Reporting@dot.gov
safercar.gov,"FetchError: request to https://safercar.gov/ failed, reason: read ECONNRESET",DOT-Cyber-Reporting@dot.gov
iat.gov,"FetchError: request to http://iat.gov/ failed, reason: getaddrinfo ENOTFOUND iat.gov",security@doi.gov
lca.gov,"FetchError: request to http://lca.gov/ failed, reason: getaddrinfo ENOTFOUND lca.gov",security@doi.gov
mms.gov,"FetchError: request to http://mms.gov/ failed, reason: getaddrinfo ENOTFOUND mms.gov",bseecirc@bsee.gov
lmvsci.gov,"FetchError: request to http://lmvsci.gov/ failed, reason: getaddrinfo EAI_AGAIN lmvsci.gov",security@doi.gov
blm.gov,"FetchError: request to http://blm.gov/ failed, reason: ",blm_it_security@blm.gov
stateoig.gov,"TypeError: Invalid URL",cirt@stateoig.gov
nbc.gov,"FetchError: request to http://nbc.gov/ failed, reason: getaddrinfo ENOTFOUND nbc.gov",Kevin_Lucier@IOS.DOI.gov
osm.gov,"FetchError: request to http://osm.gov/ failed, reason: getaddrinfo ENOTFOUND osm.gov",OSM-Cyber-Security@osmre.gov
ama.gov,"FetchError: request to http://ama.gov/ failed, reason: getaddrinfo ENOTFOUND ama.gov",domainsecurity@treasury.gov
fireleadership.gov,"FetchError: request to http://fireleadership.gov/ failed, reason: ",blm_it_security@blm.gov
lcrmscp.gov,"FetchError: request to http://lcrmscp.gov/ failed, reason: ",itsecurity@usbr.gov
mitigationcommission.gov,"FetchError: request to http://mitigationcommission.gov/ failed, reason: ",itsecurity@usbr.gov
volcano.gov,"FetchError: request to https://volcano.gov/ failed, reason: certificate has expired",mjrandall@usgs.gov
nifc.gov,"FetchError: request to http://nifc.gov/ failed, reason: ",blm_it_security@blm.gov
volunteer.gov,"FetchError: request to https://www.volunteer.gov/ failed, reason: unable to verify the first certificate",NPS_CSIRT_Team@nps.gov
ethicsburg.gov,"FetchError: request to http://ethicsburg.gov/ failed, reason: getaddrinfo ENOTFOUND ethicsburg.gov",domainsecurity@treasury.gov
piedrasblancas.gov,"FetchError: request to http://piedrasblancas.gov/ failed, reason: ",blm_it_security@blm.gov
usbr.gov,"FetchError: request to http://usbr.gov/ failed, reason: ",itsecurity@usbr.gov
federalspending.gov,"FetchError: request to http://federalspending.gov/ failed, reason: getaddrinfo ENOTFOUND federalspending.gov",domainsecurity@treasury.gov
america.gov,"FetchError: request to http://america.gov/ failed, reason: ",VDPSubmission@state.gov
iawg.gov,"FetchError: request to http://iawg.gov/ failed, reason: connect ETIMEDOUT 54.146.130.213:80",VDPSubmission@state.gov
ibwc.gov,"FetchError: request to http://ibwc.gov/ failed, reason: connect ETIMEDOUT 40.124.25.100:80",VDPSubmission@state.gov
ipac.gov,"FetchError: request to http://ipac.gov/ failed, reason: getaddrinfo ENOTFOUND ipac.gov",domainsecurity@treasury.gov
usaseanconnect.gov,"FetchError: request to http://usaseanconnect.gov/ failed, reason: ",VDPSubmission@state.gov
irsnet.gov,"FetchError: request to http://irsnet.gov/ failed, reason: getaddrinfo ENOTFOUND irsnet.gov",domainsecurity@treasury.gov
fincen.gov,"FetchError: request to http://fincen.gov/ failed, reason: ",domainsecurity@treasury.gov
esc.gov,"FetchError: request to http://esc.gov/ failed, reason: connect ETIMEDOUT 155.178.69.56:80",vulnerabilitydisclosure@faa.gov
faasafety.gov,"FetchError: request to http://faasafety.gov/ failed, reason: connect ETIMEDOUT 162.58.33.240:80",vulnerabilitydisclosure@faa.gov
irsvideos.gov,"FetchError: request to https://irsvideos.gov/ failed, reason: certificate has expired",domainsecurity@treasury.gov
moneyfactorystore.gov,"TypeError: Invalid URL",domainsecurity@treasury.gov
myra.gov,"FetchError: request to https://myra.gov/ failed, reason: Hostname/IP does not match certificate's altnames: Host: myra.gov. is not in the cert's altnames: DNS:*.treasury.gov, DNS:treasury.gov, DNS:*.publicdebt.treas.gov, DNS:*.bpd.treas.gov, DNS:*.fms.treas.gov, DNS:*.fiscal.treasury.gov, DNS:*.treas.gov, DNS:treas.gov",domainsecurity@treasury.gov
sharetheroadsafely.gov,"FetchError: request to http://sharetheroadsafely.gov/ failed, reason: connect ETIMEDOUT 52.5.106.74:80",DOT-Cyber-Reporting@dot.gov
occnet.gov,"FetchError: request to http://occnet.gov/ failed, reason: getaddrinfo ENOTFOUND occnet.gov",domainsecurity@treasury.gov
msb.gov,"FetchError: request to http://msb.gov/ failed, reason: ",domainsecurity@treasury.gov
patriotbonds.gov,"FetchError: request to https://patriotbonds.gov/ failed, reason: Hostname/IP does not match certificate's altnames: Host: patriotbonds.gov. is not in the cert's altnames: DNS:treasurydirect.gov, DNS:*.treasurydirect.gov",domainsecurity@treasury.gov
tigtanet.gov,"FetchError: request to http://tigtanet.gov/ failed, reason: getaddrinfo ENOTFOUND tigtanet.gov",domainsecurity@treasury.gov
treasuryauction.gov,"FetchError: request to http://treasuryauction.gov/ failed, reason: getaddrinfo ENOTFOUND treasuryauction.gov",domainsecurity@treasury.gov
transparency.gov,"FetchError: request to https://transparency.gov/ failed, reason: Hostname/IP does not match certificate's altnames: Host: transparency.gov. is not in the cert's altnames: DNS:*.treasury.gov, DNS:treasury.gov, DNS:*.publicdebt.treas.gov, DNS:*.bpd.treas.gov, DNS:*.fms.treas.gov, DNS:*.fiscal.treasury.gov, DNS:*.treas.gov, DNS:treas.gov",domainsecurity@treasury.gov
ttb.gov,"FetchError: request to http://ttb.gov/ failed, reason: getaddrinfo ENOTFOUND ttb.gov",domainsecurity@treasury.gov
workplace.gov,"FetchError: request to http://workplace.gov/ failed, reason: getaddrinfo ENOTFOUND workplace.gov",domainsecurity@treasury.gov
ce-ncsc.gov,"FetchError: request to http://ce-ncsc.gov/ failed, reason: getaddrinfo ENOTFOUND ce-ncsc.gov",(blank)
famep.gov,"FetchError: request to http://famep.gov/ failed, reason: getaddrinfo ENOTFOUND famep.gov",(blank)
ttlplus.gov,"FetchError: request to https://ttlplus.gov/ failed, reason: connect ECONNREFUSED 164.95.95.225:443",domainsecurity@treasury.gov
firecode.gov,"AbortError: The operation was aborted.",blm_it_security@blm.gov
intelink.gov,"FetchError: request to http://intelink.gov/ failed, reason: getaddrinfo ENOTFOUND intelink.gov",ismc-networkadmin@ugov.gov
firescience.gov,"AbortError: The operation was aborted.",blm_it_security@blm.gov
osis.gov,"FetchError: request to http://osis.gov/ failed, reason: getaddrinfo ENOTFOUND osis.gov",(blank)
jem.gov,"AbortError: The operation was aborted.",security@usgs.gov
ugov.gov,"FetchError: request to http://ugov.gov/ failed, reason: getaddrinfo ENOTFOUND ugov.gov",ismc-networkadmin@ugov.gov
landimaging.gov,"FetchError: request to http://landimaging.gov/ failed, reason: ",security@doi.gov
cbi-epa.gov,"FetchError: request to http://cbi-epa.gov/ failed, reason: getaddrinfo ENOTFOUND cbi-epa.gov",epa-ciso@epa.gov
bep.gov,"FetchError: request to http://bep.gov/ failed, reason: ",domainsecurity@treasury.gov
bfem.gov,"FetchError: request to http://bfem.gov/ failed, reason: ",domainsecurity@treasury.gov
complaintreferralexpress.gov,"FetchError: request to http://complaintreferralexpress.gov/ failed, reason: connect ETIMEDOUT 199.83.40.46:80",domainsecurity@treasury.gov
eyenote.gov,"FetchError: request to http://eyenote.gov/ failed, reason: connect ETIMEDOUT 166.123.231.27:80",domainsecurity@treasury.gov
childtaxcredit.gov,"FetchError: request to https://www.childtaxcredit.gov/ failed, reason: getaddrinfo ENOTFOUND www.childtaxcredit.gov",(blank)
environmentaljustice.gov,"FetchError: request to https://environmentaljustice.gov/ failed, reason: Hostname/IP does not match certificate's altnames: Host: environmentaljustice.gov. is not in the cert's altnames: DNS:*.geoplatform.gov, DNS:geoplatform.gov, DNS:www.geoplatform.gov",environmentaljustice_security@ceq.eop.gov
ej.gov,"FetchError: request to https://www.environmentaljustice.gov/ failed, reason: Hostname/IP does not match certificate's altnames: Host: www.environmentaljustice.gov. is not in the cert's altnames: DNS:*.geoplatform.gov, DNS:geoplatform.gov, DNS:www.geoplatform.gov",environmentaljustice_security@ceq.eop.gov
pci.gov,"FetchError: request to http://pci.gov/ failed, reason: getaddrinfo ENOTFOUND pci.gov",(blank)
pitctestdomain.gov,"FetchError: request to http://pitctestdomain.gov/ failed, reason: getaddrinfo ENOTFOUND pitctestdomain.gov",Russell.A.Barnes@oa.eop.gov
moneyfactory.gov,"FetchError: request to http://moneyfactory.gov/ failed, reason: ",domainsecurity@treasury.gov
mytreasury.gov,"FetchError: request to http://mytreasury.gov/ failed, reason: ",domainsecurity@treasury.gov
pitc.gov,"FetchError: request to http://pitc.gov/ failed, reason: getaddrinfo ENOTFOUND pitc.gov",(blank)
qatesttwai.gov,"FetchError: request to http://qatesttwai.gov/ failed, reason: ",domainsecurity@treasury.gov
tcis.gov,"FetchError: request to http://tcis.gov/ failed, reason: connect ETIMEDOUT 199.169.192.16:80",domainsecurity@treasury.gov
fdicconnect.gov,"FetchError: request to http://fdicconnect.gov/ failed, reason: getaddrinfo ENOTFOUND fdicconnect.gov",NetworkOps@fdic.gov
fdic.gov,"FetchError: request to http://fdic.gov/ failed, reason: socket hang up",NetworkOps@fdic.gov
fdicig.gov,"FetchError: request to http://fdicig.gov/ failed, reason: getaddrinfo ENOTFOUND fdicig.gov",NetworkOps@fdic.gov
myfdic.gov,"FetchError: request to http://myfdic.gov/ failed, reason: getaddrinfo ENOTFOUND myfdic.gov",NetworkOps@fdic.gov
ofia.gov,"FetchError: request to http://ofia.gov/ failed, reason: getaddrinfo ENOTFOUND ofia.gov",NetworkOps@fdic.gov
fdicseguro.gov,"FetchError: request to http://fdicseguro.gov/ failed, reason: socket hang up",NetworkOps@fdic.gov
treasuryecm.gov,"FetchError: request to http://treasuryecm.gov/ failed, reason: connect ETIMEDOUT 205.168.45.51:80",domainsecurity@treasury.gov
mortgagetranslations.gov,"FetchError: request to http://mortgagetranslations.gov/ failed, reason: getaddrinfo ENOTFOUND mortgagetranslations.gov",domainsecurity@fhfa.gov
economicinclusion.gov,"FetchError: request to http://economicinclusion.gov/ failed, reason: connect ECONNREFUSED 167.176.6.110:80",NetworkOps@fdic.gov
twai.gov,"FetchError: request to http://twai.gov/ failed, reason: connect ETIMEDOUT 199.169.192.121:80",domainsecurity@treasury.gov
ttbonline.gov,"FetchError: request to http://ttbonline.gov/ failed, reason: ",domainsecurity@treasury.gov
myira.gov,"AbortError: The operation was aborted.",domainsecurity@treasury.gov
fbiic.gov,"TypeError: Invalid URL",charles.b.young@frb.gov
fedres.gov,"FetchError: request to http://fedres.gov/ failed, reason: getaddrinfo ENOTFOUND fedres.gov",external.incident.reporting@frb.gov
frs.gov,"FetchError: request to http://frs.gov/ failed, reason: getaddrinfo ENOTFOUND frs.gov",charles.b.young@frb.gov
ffiec.gov,"TypeError: Invalid URL",charles.b.young@frb.gov
newmoney.gov,"FetchError: request to http://newmoney.gov/ failed, reason: getaddrinfo ENOTFOUND newmoney.gov",charles.b.young@frb.gov
frtibtest.gov,"FetchError: request to http://frtibtest.gov/ failed, reason: getaddrinfo ENOTFOUND frtibtest.gov",VulnerabilityDisclosure@frtib.gov
ncix.gov,"FetchError: request to http://ncix.gov/ failed, reason: connect ETIMEDOUT 198.81.130.38:80",(blank)
tsptest.gov,"FetchError: request to http://tsptest.gov/ failed, reason: getaddrinfo ENOTFOUND tsptest.gov",VulnerabilityDisclosure@frtib.gov
airknowledge.gov,"FetchError: request to http://airknowledge.gov/ failed, reason: ",infosec@epa.gov
protecciondelconsumidor.gov,"FetchError: request to http://protecciondelconsumidor.gov/ failed, reason: getaddrinfo ENOTFOUND protecciondelconsumidor.gov",security@ftc.gov
foiaonline.gov,"FetchError: request to http://foiaonline.gov/ failed, reason: connect ETIMEDOUT 204.47.252.47:80",EPA-CISO@epa.gov
glnpo.gov,"FetchError: request to http://glnpo.gov/ failed, reason: ",IL
afadvantage.gov,"FetchError: request to https://afadvantage.gov/ failed, reason: Hostname/IP does not match certificate's altnames: Host: afadvantage.gov. is not in the cert's altnames: DNS:www.afadvantage.gov",Washington
csusop.gov,"FetchError: request to http://csusop.gov/ failed, reason: getaddrinfo ENOTFOUND csusop.gov",DC
fleet.gov,"FetchError: request to http://fleet.gov/ failed, reason: getaddrinfo ENOTFOUND fleet.gov",esther.ankomah@gsa.gov
fpki-lab.gov,"FetchError: request to http://fpki-lab.gov/ failed, reason: getaddrinfo ENOTFOUND fpki-lab.gov",DC
fpki.gov,"FetchError: request to http://fpki.gov/ failed, reason: getaddrinfo ENOTFOUND fpki.gov",DC
frpg.gov,"FetchError: request to https://www.frpg.gov/ failed, reason: getaddrinfo ENOTFOUND www.frpg.gov",DC
gsatest2.gov,"FetchError: request to http://gsatest2.gov/ failed, reason: getaddrinfo ENOTFOUND gsatest2.gov",Washington
fmc.gov,"FetchError: request to http://fmc.gov/ failed, reason: connect ETIMEDOUT 12.133.121.90:80",oit-maritime@fmc.gov
ncmms.gov,"FetchError: request to http://ncmms.gov/ failed, reason: getaddrinfo ENOTFOUND ncmms.gov",Gsa-vulnerability-reports@gsa.gov
fmshrc.gov,"FetchError: request to http://fmshrc.gov/ failed, reason: connect ETIMEDOUT 52.245.247.187:80",ITSecurity@fmshrc.gov
pcscotus.gov,"FetchError: request to http://pcscotus.gov/ failed, reason: getaddrinfo ENOTFOUND pcscotus.gov",gsa-vulnerability-reports@gsa.gov
frb.gov,"FetchError: request to http://frb.gov/ failed, reason: connect ETIMEDOUT 132.200.32.34:80",charles.b.young@frb.gov
pki.gov,"FetchError: request to http://pki.gov/ failed, reason: getaddrinfo ENOTFOUND pki.gov",Washington
pki-lab.gov,"FetchError: request to http://pki-lab.gov/ failed, reason: getaddrinfo ENOTFOUND pki-lab.gov",Washington
ptt.gov,"FetchError: request to http://ptt.gov/ failed, reason: getaddrinfo ENOTFOUND ptt.gov",Washington
rpa.gov,"FetchError: request to http://rpa.gov/ failed, reason: getaddrinfo ENOTFOUND rpa.gov",gsa-vulnerability-reports@gsa.gov
thenamingcommission.gov,"FetchError: request to https://www.thenamingcommission.gov/ failed, reason: Client network socket disconnected before secure TLS connection was established",gsa-vulnerability-reports@gsa.gov
rocis.gov,"FetchError: request to http://rocis.gov/ failed, reason: ",Washington
fhfa.gov,"AbortError: The operation was aborted.",domainsecurity@fhfa.gov
informationliteracy.gov,"FetchError: request to http://informationliteracy.gov/ failed, reason: getaddrinfo ENOTFOUND informationliteracy.gov",infosec@imls.gov
kennedy-center.gov,"FetchError: request to http://kennedy-center.gov/ failed, reason: getaddrinfo ENOTFOUND kennedy-center.gov",sbsellappan@kennedy-center.org
humanities.gov,"FetchError: request to http://humanities.gov/ failed, reason: getaddrinfo ENOTFOUND humanities.gov",dotgov@neh.gov
arctic.gov,"FetchError: request to http://arctic.gov/ failed, reason: socket hang up",dallas@sec-data-eng.com
fedinfo.gov,"FetchError: request to http://fedinfo.gov/ failed, reason: connect ETIMEDOUT 199.107.69.75:80",Washington
itrd.gov,"FetchError: request to http://itrd.gov/ failed, reason: getaddrinfo ENOTFOUND itrd.gov",security@nitrd.gov
igorville.gov,"FetchError: request to http://igorville.gov/ failed, reason: getaddrinfo ENOTFOUND igorville.gov",gaby@truss.works
applicationmanager.gov,"FetchError: request to http://applicationmanager.gov/ failed, reason: getaddrinfo ENOTFOUND applicationmanager.gov",cybersolutions@opm.gov
golearn.gov,"FetchError: request to http://golearn.gov/ failed, reason: getaddrinfo ENOTFOUND golearn.gov",dana.dulaney@opm.gov
fsafeds.gov,"FetchError: request to http://fsafeds.gov/ failed, reason: getaddrinfo ENOTFOUND fsafeds.gov",dana.dulaney@opm.gov
governmentjobs.gov,"TypeError: Invalid URL",dana.dulaney@opm.gov
pac.gov,"FetchError: request to http://pac.gov/ failed, reason: getaddrinfo ENOTFOUND pac.gov",kevin.crews@opm.gov
usajobs.gov,"TypeError: Invalid URL",dana.dulaney@opm.gov
presidiocommercial.gov,"FetchError: request to http://presidiocommercial.gov/ failed, reason: getaddrinfo ENOTFOUND presidiocommercial.gov",securitycontact@presidiotrust.gov
pclob.gov,"FetchError: request to https://pclob.gov/ failed, reason: unable to verify the first certificate",soc@pclob.gov
sbrc.gov,"FetchError: request to http://sbrc.gov/ failed, reason: getaddrinfo ENOTFOUND sbrc.gov",DC
tva.gov,"TypeError: Invalid URL",vdp@tva.gov
ptf.gov,"FetchError: request to http://ptf.gov/ failed, reason: getaddrinfo ENOTFOUND ptf.gov",(blank)
civilrightsusa.gov,"FetchError: request to http://civilrightsusa.gov/ failed, reason: getaddrinfo ENOTFOUND civilrightsusa.gov",ccrsoc@usccr.gov
aff.gov,"FetchError: request to http://aff.gov/ failed, reason: getaddrinfo ENOTFOUND aff.gov",cyber.incident@usda.gov
arsusda.gov,"FetchError: request to http://arsusda.gov/ failed, reason: getaddrinfo ENOTFOUND arsusda.gov",cyber.incidents@usda.gov
mcctest.gov,"FetchError: request to http://mcctest.gov/ failed, reason: connect ETIMEDOUT 52.91.119.80:80",MCCCISOTeam@mcc.gov
ars-grin.gov,"FetchError: request to https://ars-grin.gov/ failed, reason: Hostname/IP does not match certificate's altnames: Host: ars-grin.gov. is not in the cert's altnames: DNS:npgsweb.ars-grin.gov, DNS:www.ars-grin.gov, DNS:training.ars-grin.gov",cyber.incidents@usda.gov
connect.gov,"FetchError: request to http://connect.gov/ failed, reason: getaddrinfo ENOTFOUND connect.gov",cyber.incidents@usda.gov
empowhr.gov,"FetchError: request to http://empowhr.gov/ failed, reason: getaddrinfo ENOTFOUND empowhr.gov",Gerald.smith2@usda.gov
fedsfeedfamilies.gov,"FetchError: request to http://fedsfeedfamilies.gov/ failed, reason: getaddrinfo EAI_AGAIN fedsfeedfamilies.gov",Sullie.Coleman@usda.gov
nigc.gov,"FetchError: request to http://nigc.gov/ failed, reason: connect ETIMEDOUT 20.140.211.55:80",itsupport@nigc.gov
nlrb.gov,"FetchError: request to http://nlrb.gov/ failed, reason: connect ETIMEDOUT 20.41.44.121:80",vdp@nlrb.gov
nwcg.gov,"FetchError: request to http://nwcg.gov/ failed, reason: getaddrinfo ENOTFOUND nwcg.gov",cyber.incidents@usda.gov
symbols.gov,"FetchError: request to http://symbols.gov/ failed, reason: getaddrinfo ENOTFOUND symbols.gov",cyber.incident@usda.gov
usdapii.gov,"FetchError: request to http://usdapii.gov/ failed, reason: getaddrinfo ENOTFOUND usdapii.gov",cyber.incidents@usda.gov
wildfire.gov,"FetchError: request to http://wildfire.gov/ failed, reason: getaddrinfo ENOTFOUND wildfire.gov",cyber.incident@usda.gov
oscnet.gov,"FetchError: request to http://oscnet.gov/ failed, reason: getaddrinfo ENOTFOUND oscnet.gov",vhall@osc.gov
jwod.gov,"FetchError: request to http://jwod.gov/ failed, reason: getaddrinfo ENOTFOUND jwod.gov",eyang@abilityone.gov
nrc-gateway.gov,"FetchError: request to http://nrc-gateway.gov/ failed, reason: connect ETIMEDOUT 52.179.234.25:80",SOC_Alerts@nrc.gov
peacecorps.gov,"TypeError: Invalid URL",SOC2@PeaceCorps.Gov
chcoc.gov,"FetchError: request to http://chcoc.gov/ failed, reason: connect ETIMEDOUT 216.230.115.87:80",dana.dulaney@opm.gov
adf.gov,"FetchError: request to https://adf.gov// failed, reason: Hostname/IP does not match certificate's altnames: Host: adf.gov. is not in the cert's altnames: DNS:coil.assyst.net, DNS:www.coil.assyst.net",schi@usadf.gov
e-qip.gov,"FetchError: request to http://e-qip.gov/ failed, reason: connect ETIMEDOUT 2620:109:0:100::ac1b:6565:80",kevin.crews@opm.gov
ocb.gov,"FetchError: request to http://ocb.gov/ failed, reason: getaddrinfo ENOTFOUND ocb.gov",it-security@usagm.gov
ushmm.gov,"FetchError: request to http://ushmm.gov/ failed, reason: getaddrinfo ENOTFOUND ushmm.gov",chandra@ushmm.org
ich.gov,"FetchError: request to https://ich.gov/ failed, reason: Hostname/IP does not match certificate's altnames: Host: ich.gov. is not in the cert's altnames: DNS:usich.gov, DNS:www.usich.gov",(blank)
opic.gov,"FetchError: request to http://opic.gov/ failed, reason: getaddrinfo ENOTFOUND opic.gov",ciso@dfc.gov
usitcoig.gov,"FetchError: request to http://usitcoig.gov/ failed, reason: getaddrinfo ENOTFOUND usitcoig.gov",(blank)
usalearning.gov,"FetchError: request to http://usalearning.gov/ failed, reason: connect ETIMEDOUT 66.159.72.189:80",dana.dulaney@opm.gov
changeofaddress.gov,"FetchError: request to http://changeofaddress.gov/ failed, reason: getaddrinfo ENOTFOUND changeofaddress.gov",(blank)
mail.gov,"FetchError: request to http://mail.gov/ failed, reason: getaddrinfo ENOTFOUND mail.gov",(blank)
myusps.gov,"FetchError: request to http://myusps.gov/ failed, reason: getaddrinfo ENOTFOUND myusps.gov",(blank)
usps.gov,"FetchError: request to http://usps.gov/ failed, reason: getaddrinfo ENOTFOUND usps.gov",(blank)
uspsinformeddelivery.gov,"FetchError: request to http://uspsinformeddelivery.gov/ failed, reason: getaddrinfo ENOTFOUND uspsinformeddelivery.gov",(blank)
postoffice.gov,"FetchError: request to http://postoffice.gov/ failed, reason: getaddrinfo ENOTFOUND postoffice.gov",(blank)
uspsinnovates.gov,"FetchError: request to http://uspsinnovates.gov/ failed, reason: getaddrinfo ENOTFOUND uspsinnovates.gov",(blank)
rrb.gov,"FetchError: request to http://rrb.gov/ failed, reason: connect ETIMEDOUT 3.228.34.165:80",security@rrb.gov
domainops.gov,"FetchError: request to http://domainops.gov/ failed, reason: getaddrinfo ENOTFOUND domainops.gov",dotgov@cisa.dhs.gov
ecfc.gov,"FetchError: request to http://ecfc.gov/ failed, reason: getaddrinfo ENOTFOUND ecfc.gov",(blank)
erpo.gov,"FetchError: request to http://erpo.gov/ failed, reason: getaddrinfo ENOTFOUND erpo.gov",(blank)
fraho.gov,"FetchError: request to http://fraho.gov/ failed, reason: getaddrinfo EAI_AGAIN fraho.gov",(blank)
jpo.gov,"FetchError: request to http://jpo.gov/ failed, reason: getaddrinfo ENOTFOUND jpo.gov",(blank)
nrpo.gov,"FetchError: request to http://nrpo.gov/ failed, reason: getaddrinfo ENOTFOUND nrpo.gov",(blank)
osdls.gov,"FetchError: request to http://osdls.gov/ failed, reason: getaddrinfo ENOTFOUND osdls.gov",(blank)
owc.gov,"FetchError: request to http://owc.gov/ failed, reason: getaddrinfo ENOTFOUND owc.gov",(blank)
psd.gov,"FetchError: request to http://psd.gov/ failed, reason: getaddrinfo ENOTFOUND psd.gov",(blank)
psup.gov,"FetchError: request to http://psup.gov/ failed, reason: getaddrinfo ENOTFOUND psup.gov",(blank)
pubservices.gov,"FetchError: request to http://pubservices.gov/ failed, reason: getaddrinfo ENOTFOUND pubservices.gov",(blank)
rpo.gov,"FetchError: request to http://rpo.gov/ failed, reason: getaddrinfo ENOTFOUND rpo.gov",(blank)
fd.gov,"FetchError: request to http://fd.gov/ failed, reason: getaddrinfo ENOTFOUND fd.gov",Pedro_Carrasquillo-Roman@fd.org
stb.gov,"FetchError: request to http://stb.gov/ failed, reason: connect ETIMEDOUT 52.0.55.141:80",ITSecurity.Staff@stb.gov
sc-us.gov,"FetchError: request to http://sc-us.gov/ failed, reason: getaddrinfo ENOTFOUND sc-us.gov",(blank)
scinet-test.gov,"FetchError: request to http://scinet-test.gov/ failed, reason: getaddrinfo ENOTFOUND scinet-test.gov",(blank)
scinet.gov,"FetchError: request to http://scinet.gov/ failed, reason: getaddrinfo ENOTFOUND scinet.gov",(blank)
scus.gov,"FetchError: request to http://scus.gov/ failed, reason: getaddrinfo ENOTFOUND scus.gov",(blank)
supreme-court.gov,"FetchError: request to http://supreme-court.gov/ failed, reason: getaddrinfo ENOTFOUND supreme-court.gov",(blank)
dfafacts.gov,"FetchError: request to http://dfafacts.gov/ failed, reason: connect ETIMEDOUT 12.159.77.23:80",VDP@usaid.gov
supremecourtus.gov,"FetchError: request to http://supremecourtus.gov/ failed, reason: getaddrinfo ENOTFOUND supremecourtus.gov",(blank)
tvaoig.gov,"FetchError: request to http://tvaoig.gov/ failed, reason: ",kdkeen@tvaoig.gov
bankruptcy.gov,"FetchError: request to http://bankruptcy.gov/ failed, reason: getaddrinfo ENOTFOUND bankruptcy.gov",(blank)
cavc.gov,"FetchError: request to http://cavc.gov/ failed, reason: getaddrinfo ENOTFOUND cavc.gov",helpdesk@uscourts.cavc.gov
federalcourts.gov,"FetchError: request to http://federalcourts.gov/ failed, reason: getaddrinfo ENOTFOUND federalcourts.gov",(blank)
federalprobation.gov,"FetchError: request to http://federalprobation.gov/ failed, reason: getaddrinfo ENOTFOUND federalprobation.gov",(blank)
federalrules.gov,"FetchError: request to http://federalrules.gov/ failed, reason: getaddrinfo ENOTFOUND federalrules.gov",(blank)
judicialconference.gov,"FetchError: request to http://judicialconference.gov/ failed, reason: getaddrinfo ENOTFOUND judicialconference.gov",(blank)
usbankruptcy.gov,"FetchError: request to http://usbankruptcy.gov/ failed, reason: getaddrinfo ENOTFOUND usbankruptcy.gov",(blank)
usc.gov,"FetchError: request to http://usc.gov/ failed, reason: getaddrinfo ENOTFOUND usc.gov",(blank)
uscavc.gov,"FetchError: request to http://uscavc.gov/ failed, reason: getaddrinfo ENOTFOUND uscavc.gov",helpdesk@uscourts.cavc.gov
usprobation.gov,"FetchError: request to http://usprobation.gov/ failed, reason: getaddrinfo ENOTFOUND usprobation.gov",(blank)
ussc.gov,"FetchError: request to http://ussc.gov/ failed, reason: getaddrinfo ENOTFOUND ussc.gov",(blank)
ag.gov,"FetchError: request to http://ag.gov/ failed, reason: connect ETIMEDOUT 162.79.3.5:80",cyber.incidents@asoc.usda.gov
capitalgiftshop.gov,"FetchError: request to http://capitalgiftshop.gov/ failed, reason: getaddrinfo ENOTFOUND capitalgiftshop.gov",DOMSEC@aoc.gov
biopreferred.gov,"FetchError: request to https://10.102.34.133/ failed, reason: connect ETIMEDOUT 10.102.34.133:443",cyber.incidents@usda.gov
capitolgiftshop.gov,"FetchError: request to http://capitolgiftshop.gov/ failed, reason: getaddrinfo ENOTFOUND capitolgiftshop.gov",DOMSEC@aoc.gov
uscapitalgiftshop.gov,"FetchError: request to http://uscapitalgiftshop.gov/ failed, reason: getaddrinfo ENOTFOUND uscapitalgiftshop.gov",DOMSEC@aoc.gov
uscapitol.gov,"FetchError: request to http://uscapitol.gov/ failed, reason: getaddrinfo ENOTFOUND uscapitol.gov",DOMSEC@aoc.gov
uscapitolgiftstore.gov,"FetchError: request to http://uscapitolgiftstore.gov/ failed, reason: getaddrinfo ENOTFOUND uscapitolgiftstore.gov",DOMSEC@aoc.gov
visitthecapital.gov,"FetchError: request to http://visitthecapital.gov/ failed, reason: getaddrinfo ENOTFOUND visitthecapital.gov",DOMSEC@aoc.gov
ata.gov,"FetchError: request to http://ata.gov/ failed, reason: getaddrinfo ENOTFOUND ata.gov",(blank)
gaoinnovation.gov,"FetchError: request to http://gaoinnovation.gov/ failed, reason: getaddrinfo ENOTFOUND gaoinnovation.gov",(blank)
gaoinnovationlab.gov,"FetchError: request to http://gaoinnovationlab.gov/ failed, reason: getaddrinfo ENOTFOUND gaoinnovationlab.gov",(blank)
childreninadversity.gov,"AbortError: The operation was aborted.",VDP@usaid.gov
fedreg.gov,"FetchError: request to http://fedreg.gov/ failed, reason: getaddrinfo ENOTFOUND fedreg.gov",(blank)
neglecteddiseases.gov,"AbortError: The operation was aborted.",VDP@USAID.GOV
pmi.gov,"AbortError: The operation was aborted.",VDP@USAID.GOV
abilityone.gov,"FetchError: request to http://abilityone.gov/ failed, reason: connect ETIMEDOUT 12.14.12.19:80",eyang@abilityone.gov
gpodev.gov,"FetchError: request to http://gpodev.gov/ failed, reason: getaddrinfo ENOTFOUND gpodev.gov",noc@gpo.gov
access-board.gov,"FetchError: request to http://access-board.gov/ failed, reason: connect ETIMEDOUT 34.232.87.113:80",security@access-board.gov
usgcrp.gov,"FetchError: request to http://usgcrp.gov/ failed, reason: ",(blank)
fjc.gov,"FetchError: request to http://www.fjc.gov/ failed, reason: read ECONNRESET",(blank)
copyrightclaimsboard.gov,"FetchError: request to http://copyrightclaimsboard.gov/ failed, reason: getaddrinfo ENOTFOUND copyrightclaimsboard.gov",security@loc.gov
congress.gov,"TypeError: Invalid URL",security@loc.gov
purchasing.gov,"FetchError: request to http://purchasing.gov/ failed, reason: connect ETIMEDOUT 56.0.133.28:80",(blank)
lctl.gov,"FetchError: request to http://lctl.gov/ failed, reason: getaddrinfo ENOTFOUND lctl.gov",security@loc.gov
assistantdemocraticleader.gov,"FetchError: request to http://assistantdemocraticleader.gov/ failed, reason: getaddrinfo ENOTFOUND assistantdemocraticleader.gov",richard.martins@mail.house.gov
uscongress.gov,"TypeError: Invalid URL",security@loc.gov
unitedstatescongress.gov,"TypeError: Invalid URL",security@loc.gov
chinacommission.gov,"FetchError: request to http://chinacommission.gov/ failed, reason: getaddrinfo EAI_AGAIN chinacommission.gov",(blank)
democrats.gov,"FetchError: request to http://democrats.gov/ failed, reason: getaddrinfo ENOTFOUND democrats.gov",(blank)
pacer.gov,"FetchError: request to https://pacer.gov/ failed, reason: read ECONNRESET",(blank)
ppdcecc.gov,"FetchError: request to https://ppdcecc.gov/ failed, reason: Hostname/IP does not match certificate's altnames: Host: ppdcecc.gov. is not in the cert's altnames: DNS:*.servicenowservices.com",(blank)
tmdbhouse.gov,"FetchError: request to http://tmdbhouse.gov/ failed, reason: getaddrinfo ENOTFOUND tmdbhouse.gov",(blank)
ushouse.gov,"FetchError: request to http://ushouse.gov/ failed, reason: getaddrinfo ENOTFOUND ushouse.gov",(blank)
ushr.gov,"FetchError: request to http://ushr.gov/ failed, reason: getaddrinfo ENOTFOUND ushr.gov",(blank)
uscapitolpolice.gov,"FetchError: request to http://uscapitolpolice.gov/ failed, reason: getaddrinfo ENOTFOUND uscapitolpolice.gov",OIS-Security@uscp.gov
uscp.gov,"FetchError: request to http://uscp.gov/ failed, reason: getaddrinfo ENOTFOUND uscp.gov",(blank)
uscapital.gov,"FetchError: request to http://uscapital.gov/ failed, reason: connect ETIMEDOUT 209.134.54.250:80",DOMSEC@aoc.gov
whdpc.gov,"FetchError: request to http://whdpc.gov/ failed, reason: getaddrinfo EAI_AGAIN whdpc.gov",MD
lis.gov,"FetchError: request to http://lis.gov/ failed, reason: read ECONNRESET",security@loc.gov
thomas.gov,"FetchError: request to http://thomas.gov/ failed, reason: read ECONNRESET",security@loc.gov
eseclab.gov,"FetchError: request to http://eseclab.gov/ failed, reason: ",soc@gao.gov
gaonet.gov,"FetchError: request to http://gaonet.gov/ failed, reason: connect ETIMEDOUT 161.203.24.61:80",(blank)
crs.gov,"FetchError: request to http://crs.gov/ failed, reason: connect ETIMEDOUT 140.147.234.76:80",security@loc.gov
afacademy.af.edu,"FetchError: request to http://afacademy.af.edu/ failed, reason: getaddrinfo ENOTFOUND afacademy.af.edu",
coil.gov,"FetchError: request to http://coil.gov/ failed, reason: connect ETIMEDOUT 143.228.126.109:80",richard.martins@mail.house.gov
ajb.org,"FetchError: request to http://ajb.org/ failed, reason: getaddrinfo ENOTFOUND ajb.org",
china-commission.gov,"FetchError: request to http://china-commission.gov/ failed, reason: connect ETIMEDOUT 143.228.146.20:80",(blank)
housecommunications.gov,"FetchError: request to http://housecommunications.gov/ failed, reason: connect ETIMEDOUT 143.228.126.109:80",(blank)
housedemocrats.gov,"FetchError: request to http://housedemocrats.gov/ failed, reason: connect ETIMEDOUT 143.228.126.109:80",(blank)
housed.gov,"FetchError: request to http://housed.gov/ failed, reason: connect ETIMEDOUT 143.228.126.38:80",(blank)
housedems.gov,"FetchError: request to http://housedems.gov/ failed, reason: connect ETIMEDOUT 143.228.126.109:80",(blank)
housenewsletters.gov,"FetchError: request to http://housenewsletters.gov/ failed, reason: connect ETIMEDOUT 143.228.126.20:80",(blank)
houselive.gov,"FetchError: request to http://houselive.gov/ failed, reason: connect ETIMEDOUT 207.7.154.4:80",(blank)
cdse.edu,"FetchError: request to http://cdse.edu/ failed, reason: getaddrinfo ENOTFOUND cdse.edu",
jewishheritage.gov,"AbortError: The operation was aborted.",security@loc.gov
republicans.gov,"FetchError: request to http://republicans.gov/ failed, reason: connect ETIMEDOUT 143.228.132.28:80",(blank)
taxreform.gov,"FetchError: request to http://taxreform.gov/ failed, reason: connect ETIMEDOUT 69.169.92.22:80",(blank)
cfe-dmha.org,"FetchError: request to http://cfe-dmha.org/ failed, reason: getaddrinfo ENOTFOUND cfe-dmha.org",
afnpacific.net,"FetchError: request to http://afnpacific.net/ failed, reason: connect ETIMEDOUT 63.110.106.104:80",
chicagocfc.net,"FetchError: request to http://chicagocfc.net/ failed, reason: getaddrinfo ENOTFOUND chicagocfc.net",
cooperativepatentclassification.org,"FetchError: request to http://cooperativepatentclassification.org/ failed, reason: getaddrinfo ENOTFOUND cooperativepatentclassification.org",
cfcshr.org,"TypeError: Invalid URL",
defensetv.tv,"FetchError: request to http://defensetv.tv/ failed, reason: getaddrinfo EAI_AGAIN defensetv.tv",
commissaries.com,"FetchError: request to https://commissaries.com/ failed, reason: unable to verify the first certificate",
fbiacademy.edu,"FetchError: request to http://fbiacademy.edu/ failed, reason: getaddrinfo ENOTFOUND fbiacademy.edu",
federalreserveeducation.org,"FetchError: request to http://federalreserveeducation.org/ failed, reason: read ECONNRESET",
fhlbatl.com,"FetchError: request to http://fhlbatl.com/ failed, reason: getaddrinfo ENOTFOUND fhlbatl.com",
fhlbboston.com,"FetchError: request to https://fhlbboston.com/ failed, reason: write EPROTO 706D0000:error:0A000458:SSL routines:ssl3_read_bytes:tlsv1 unrecognized name:c:\ws\deps\openssl\openssl\ssl\record\rec_layer_s3.c:1586:SSL alert number 112 ",
fhlbcin.com,"FetchError: request to https://fhlbcin.com/ failed, reason: read ECONNRESET",
careerinfonet.org,"AbortError: The operation was aborted.",
cfcnexus.org,"FetchError: request to http://cfcnexus.org/ failed, reason: connect ETIMEDOUT 34.234.141.225:80",
cfcredrivervalley.org,"FetchError: request to http://cfcredrivervalley.org/ failed, reason: connect ETIMEDOUT 162.213.43.70:80",
fsafeds.com,"TypeError: Invalid URL",
iipdigital.ait.org.tw,"FetchError: request to http://iipdigital.ait.org.tw/ failed, reason: getaddrinfo ENOTFOUND iipdigital.ait.org.tw",
informationrx.org,"FetchError: request to http://informationrx.org/ failed, reason: getaddrinfo ENOTFOUND informationrx.org",
lifeasamarine.com,"FetchError: request to http://lifeasamarine.com/ failed, reason: getaddrinfo EAI_AGAIN lifeasamarine.com",
cldcentral.usalearning.net,"FetchError: request to http://cldcentral.usalearning.net/ failed, reason: connect ETIMEDOUT 66.159.72.186:80",
cipm.info,"FetchError: request to http://cipm.info/ failed, reason: connect ETIMEDOUT 152.14.68.8:80",
clu-in.org,"FetchError: request to http://clu-in.org/ failed, reason: connect ETIMEDOUT 204.47.252.70:80",
marshallcenter.org,"FetchError: request to http://marshallcenter.org/ failed, reason: getaddrinfo ENOTFOUND marshallcenter.org",
dhs-summit.us,"FetchError: request to http://dhs-summit.us/ failed, reason: connect ETIMEDOUT 192.73.207.1:80",
huduser.org,"FetchError: request to https://huduser.org/ failed, reason: Hostname/IP does not match certificate's altnames: Host: huduser.org. is not in the cert's altnames: DNS:*.huduser.gov, DNS:huduser.gov",
epaosc.org,"FetchError: request to http://epaosc.org/ failed, reason: connect ETIMEDOUT 204.47.252.82:80",
ertsupport.org,"FetchError: request to http://ertsupport.org/ failed, reason: connect ETIMEDOUT 204.47.252.82:80",
ertvideo.org,"FetchError: request to http://ertvideo.org/ failed, reason: connect ETIMEDOUT 204.47.252.82:80",
fcc.us,"FetchError: request to http://fcc.us/ failed, reason: connect ETIMEDOUT 69.58.188.49:80",
ndu.edu,"FetchError: request to http://ndu.edu/ failed, reason: getaddrinfo ENOTFOUND ndu.edu",
glnpo.net,"FetchError: request to http://glnpo.net/ failed, reason: ",
pacificnwcfc.org,"FetchError: request to http://pacificnwcfc.org/ failed, reason: getaddrinfo ENOTFOUND pacificnwcfc.org",
frbatlanta.org,"AbortError: The operation was aborted.",
makersinspaces.org,"AbortError: The operation was aborted.",
smithsonianscience.org,"FetchError: request to http://smithsonianscience.org/ failed, reason: getaddrinfo EAI_AGAIN smithsonianscience.org",
phpartners.org,"FetchError: request to http://phpartners.org/ failed, reason: getaddrinfo ENOTFOUND phpartners.org",
t2health.org,"FetchError: request to http://t2health.org/ failed, reason: getaddrinfo ENOTFOUND t2health.org",
newhire-reporting.com,"AbortError: The operation was aborted.",
noradsanta.org,"AbortError: The operation was aborted.",
northernlightscfc.org,"AbortError: The operation was aborted.",
nsopw.org,"AbortError: The operation was aborted.",
onecpd.info,"AbortError: The operation was aborted.",
onetonline.org,"AbortError: The operation was aborted.",
ownyourlimits.org,"AbortError: The operation was aborted.",
psctool.us,"FetchError: request to http://psctool.us/ failed, reason: ",
pbgc.org,"AbortError: The operation was aborted.",
project-open-data.github.io,"AbortError: The operation was aborted.",
realwarriors.net,"FetchError: request to https://www.health.mil/realwarriors failed, reason: getaddrinfo ENOTFOUND www.health.mil",
usarmyjrotc.com,"FetchError: request to http://usarmyjrotc.com/ failed, reason: getaddrinfo ENOTFOUND usarmyjrotc.com",
radiosawa.com,"AbortError: The operation was aborted.",
rfa.org,"AbortError: The operation was aborted.",
usafa.edu,"FetchError: request to http://usafa.edu/ failed, reason: getaddrinfo ENOTFOUND usafa.edu",
uscgaux.info,"FetchError: request to http://uscgaux.info/ failed, reason: getaddrinfo ENOTFOUND uscgaux.info",
usembassy-china.org.cn,"FetchError: request to http://usembassy-china.org.cn/ failed, reason: getaddrinfo ENOTFOUND usembassy-china.org.cn",
usmma.edu,"FetchError: request to http://usmma.edu/ failed, reason: getaddrinfo ENOTFOUND usmma.edu",
si.edu,"AbortError: The operation was aborted.",
veteranshealthlibrary.org,"FetchError: request to http://veteranshealthlibrary.org/ failed, reason: getaddrinfo ENOTFOUND veteranshealthlibrary.org",
war-on-pineapple.com,"FetchError: request to http://war-on-pineapple.com/ failed, reason: getaddrinfo ENOTFOUND war-on-pineapple.com",
vetmedinfo.org,"FetchError: request to http://vetmedinfo.org/ failed, reason: getaddrinfo ENOTFOUND vetmedinfo.org",
smithsonian.com,"AbortError: The operation was aborted.",
smithsonian.org,"AbortError: The operation was aborted.",
smithsonianchannel.com,"AbortError: The operation was aborted.",
smithsonianeducation.org,"AbortError: The operation was aborted.",
smithsonianjourneys.org,"AbortError: The operation was aborted.",
csosa.com,"FetchError: request to http://csosa.com/ failed, reason: getaddrinfo ENOTFOUND csosa.com",
smithsonianmag.com,"AbortError: The operation was aborted.",
smithsonianstore.com,"AbortError: The operation was aborted.",
smokeybear.com,"AbortError: The operation was aborted.",
csosa.net,"FetchError: request to http://csosa.net/ failed, reason: getaddrinfo ENOTFOUND csosa.net",
csosadev.net,"FetchError: request to http://csosadev.net/ failed, reason: getaddrinfo ENOTFOUND csosadev.net",
spaceappschallenge.org,"AbortError: The operation was aborted.",
stripes.com,"AbortError: The operation was aborted.",
suicidepreventionlifeline.org,"AbortError: The operation was aborted.",
ahrqstg.org,"FetchError: request to http://ahrqstg.org/ failed, reason: getaddrinfo ENOTFOUND ahrqstg.org",
charmm.org,"FetchError: request to http://charmm.org/ failed, reason: getaddrinfo ENOTFOUND charmm.org",
todaysmilitary.com,"AbortError: The operation was aborted.",
trainex.org,"AbortError: The operation was aborted.",
tva.com,"AbortError: The operation was aborted.",
tvaed.com,"AbortError: The operation was aborted.",
directihs.net,"FetchError: request to http://directihs.net/ failed, reason: getaddrinfo ENOTFOUND directihs.net",
docline.org,"FetchError: request to http://docline.org/ failed, reason: getaddrinfo ENOTFOUND docline.org",
us-mission.ch,"AbortError: The operation was aborted.",
uscga.edu,"AbortError: The operation was aborted.",
gem-beta.org,"FetchError: request to http://gem-beta.org/ failed, reason: getaddrinfo EAI_AGAIN gem-beta.org",
genbank.com,"FetchError: request to http://genbank.com/ failed, reason: getaddrinfo ENOTFOUND genbank.com",
genbank.net,"FetchError: request to http://genbank.net/ failed, reason: getaddrinfo ENOTFOUND genbank.net",
genbank.org,"FetchError: request to http://genbank.org/ failed, reason: getaddrinfo ENOTFOUND genbank.org",
genbank.xyz,"FetchError: request to http://genbank.xyz/ failed, reason: getaddrinfo ENOTFOUND genbank.xyz",
gratefulmed.com,"FetchError: request to http://gratefulmed.com/ failed, reason: getaddrinfo ENOTFOUND gratefulmed.com",
gratefulmed.net,"FetchError: request to http://gratefulmed.net/ failed, reason: getaddrinfo ENOTFOUND gratefulmed.net",
gratefulmed.info,"FetchError: request to http://gratefulmed.info/ failed, reason: getaddrinfo ENOTFOUND gratefulmed.info",
uscgalaska.com,"AbortError: The operation was aborted.",
uscgboating.org,"AbortError: The operation was aborted.",
uscgnews.com,"AbortError: The operation was aborted.",
usda.mannlib.cornell.edu,"AbortError: The operation was aborted.",
gratefulmed.org,"FetchError: request to http://gratefulmed.org/ failed, reason: getaddrinfo ENOTFOUND gratefulmed.org",
hapmap.org,"FetchError: request to http://hapmap.org/ failed, reason: getaddrinfo ENOTFOUND hapmap.org",
hfpp-ttp.org,"FetchError: request to http://hfpp-ttp.org/ failed, reason: getaddrinfo ENOTFOUND hfpp-ttp.org",
igm.org,"FetchError: request to http://igm.org/ failed, reason: getaddrinfo ENOTFOUND igm.org",
usdirectexpress.com,"AbortError: The operation was aborted.",
usma.edu,"AbortError: The operation was aborted.",
usmc-mccs.org,"AbortError: The operation was aborted.",
usmcu.edu,"AbortError: The operation was aborted.",
informationrx.net,"FetchError: request to http://informationrx.net/ failed, reason: getaddrinfo ENOTFOUND informationrx.net",
informationrx.info,"FetchError: request to http://informationrx.info/ failed, reason: getaddrinfo ENOTFOUND informationrx.info",
loansomedoc.net,"FetchError: request to http://loansomedoc.net/ failed, reason: getaddrinfo ENOTFOUND loansomedoc.net",
loansomedoc.org,"FetchError: request to http://loansomedoc.org/ failed, reason: getaddrinfo ENOTFOUND loansomedoc.org",
medlars.com,"FetchError: request to http://medlars.com/ failed, reason: getaddrinfo ENOTFOUND medlars.com",
usna.edu,"AbortError: The operation was aborted.",
usps.com,"AbortError: The operation was aborted.",
ustraveldocs.com,"AbortError: The operation was aborted.",
usu.edu/beetle,"AbortError: The operation was aborted.",
medlars.info,"FetchError: request to http://medlars.info/ failed, reason: getaddrinfo ENOTFOUND medlars.info",
medlars.org,"FetchError: request to http://medlars.org/ failed, reason: getaddrinfo ENOTFOUND medlars.org",
medlars.us,"FetchError: request to http://medlars.us/ failed, reason: getaddrinfo ENOTFOUND medlars.us",
medlineplus.com,"FetchError: request to http://medlineplus.com/ failed, reason: getaddrinfo ENOTFOUND medlineplus.com",
medlineplus.net,"FetchError: request to http://medlineplus.net/ failed, reason: getaddrinfo ENOTFOUND medlineplus.net",
medlineplus.org,"FetchError: request to http://medlineplus.org/ failed, reason: getaddrinfo ENOTFOUND medlineplus.org",
usuhs.edu,"AbortError: The operation was aborted.",
veteranscrisisline.net,"AbortError: The operation was aborted.",
voanews.com,"AbortError: The operation was aborted.",
voatour.com,"AbortError: The operation was aborted.",
waterqualitydata.us,"AbortError: The operation was aborted.",
westpoint.edu,"AbortError: The operation was aborted.",
wibeaches.us,"AbortError: The operation was aborted.",
ycq2.org,"AbortError: The operation was aborted.",
yesprograms.org,"AbortError: The operation was aborted.",
abmceducation.org ,"AbortError: The operation was aborted.",
csosa.biz,"AbortError: The operation was aborted.",
csosa.co,"AbortError: The operation was aborted.",
csosa.info,"AbortError: The operation was aborted.",
csosa.me,"AbortError: The operation was aborted.",
csosa.mobi,"AbortError: The operation was aborted.",
csosa.org,"AbortError: The operation was aborted.",
dcsafesurrender.com,"AbortError: The operation was aborted.",
dcsafesurrender.net,"AbortError: The operation was aborted.",
dcsafesurrender.org,"AbortError: The operation was aborted.",
cultureready.org,"AbortError: The operation was aborted.",
americanmadechallenges.org,"AbortError: The operation was aborted.",
actagainstaids.org,"AbortError: The operation was aborted.",
ahrqadmin.org,"AbortError: The operation was aborted.",
brainattackcoalition.org,"AbortError: The operation was aborted.",
cahpsusernetwork.net,"AbortError: The operation was aborted.",
ccwdata.org,"AbortError: The operation was aborted.",
cdcpartners.org,"AbortError: The operation was aborted.",
cfsrportal.org,"AbortError: The operation was aborted.",
chainonline.org,"AbortError: The operation was aborted.",
charmmtutorial.org,"AbortError: The operation was aborted.",
citdbase.org,"AbortError: The operation was aborted.",
coronaviruspreventionnetwork.org,"AbortError: The operation was aborted.",
csscoperations.com,"AbortError: The operation was aborted.",
detroitself.org,"AbortError: The operation was aborted.",
medlars.net,"FetchError: request to http://medlars.net/ failed, reason: getaddrinfo ENOTFOUND medlars.net",
fatherhoodgov.info,"AbortError: The operation was aborted.",
gem-measures.org,"AbortError: The operation was aborted.",
medlneplus.com,"FetchError: request to http://medlneplus.com/ failed, reason: getaddrinfo ENOTFOUND medlneplus.com",
mepstech.com,"FetchError: request to http://mepstech.com/ failed, reason: getaddrinfo EAI_AGAIN mepstech.com",
mesh.org,"FetchError: request to http://mesh.org/ failed, reason: getaddrinfo ENOTFOUND mesh.org",
hcgov.us,"AbortError: The operation was aborted.",
hearttruth.com,"AbortError: The operation was aborted.",
hearttruth.net,"AbortError: The operation was aborted.",
hearttruth.org,"AbortError: The operation was aborted.",
howrightnow.com,"AbortError: The operation was aborted.",
howrightnow.online,"AbortError: The operation was aborted.",
howrightnow.org,"AbortError: The operation was aborted.",
nihseniorhealth.biz,"FetchError: request to http://nihseniorhealth.biz/ failed, reason: getaddrinfo ENOTFOUND nihseniorhealth.biz",
nih.com,"FetchError: request to http://nih.com/ failed, reason: socket hang up",
nihseniorhealth.com,"FetchError: request to http://nihseniorhealth.com/ failed, reason: getaddrinfo ENOTFOUND nihseniorhealth.com",
nihseniorhealth.info,"FetchError: request to http://nihseniorhealth.info/ failed, reason: getaddrinfo ENOTFOUND nihseniorhealth.info",
nihseniorhealth.net,"FetchError: request to http://nihseniorhealth.net/ failed, reason: getaddrinfo ENOTFOUND nihseniorhealth.net",
medicalbillrights.com,"AbortError: The operation was aborted.",
medicalbillrights.net,"AbortError: The operation was aborted.",
nihseniorhealth.org,"FetchError: request to http://nihseniorhealth.org/ failed, reason: getaddrinfo ENOTFOUND nihseniorhealth.org",
nlm.net,"FetchError: request to http://nlm.net/ failed, reason: getaddrinfo ENOTFOUND nlm.net",
medicalbillrights.org,"AbortError: The operation was aborted.",
nlm.org,"FetchError: request to http://nlm.org/ failed, reason: getaddrinfo ENOTFOUND nlm.org",
nlmgiftshop.com,"FetchError: request to http://nlmgiftshop.com/ failed, reason: getaddrinfo ENOTFOUND nlmgiftshop.com",
nlmgiftshop.info,"FetchError: request to http://nlmgiftshop.info/ failed, reason: getaddrinfo ENOTFOUND nlmgiftshop.info",
medlneplus.info,"AbortError: The operation was aborted.",
mepsdocs.org,"AbortError: The operation was aborted.",
namrs.net,"AbortError: The operation was aborted.",
ncands.net,"AbortError: The operation was aborted.",
ncats.io,"AbortError: The operation was aborted.",
ncihub.org,"AbortError: The operation was aborted.",
nhlbiwgs.org,"AbortError: The operation was aborted.",
nlmgiftshop.net,"FetchError: request to http://nlmgiftshop.net/ failed, reason: getaddrinfo ENOTFOUND nlmgiftshop.net",
pccqualitymonitoring.com,"FetchError: request to http://pccqualitymonitoring.com/ failed, reason: getaddrinfo ENOTFOUND pccqualitymonitoring.com",
pcorcds-ln.org,"FetchError: request to http://pcorcds-ln.org/ failed, reason: getaddrinfo EAI_AGAIN pcorcds-ln.org",
phiresearchlab.org,"FetchError: request to http://phiresearchlab.org/ failed, reason: getaddrinfo ENOTFOUND phiresearchlab.org",
proteincapture.org,"FetchError: request to http://proteincapture.org/ failed, reason: getaddrinfo EAI_AGAIN proteincapture.org",
pubchem.biz,"FetchError: request to http://pubchem.biz/ failed, reason: getaddrinfo ENOTFOUND pubchem.biz",
pubchem.us,"FetchError: request to http://pubchem.us/ failed, reason: getaddrinfo ENOTFOUND pubchem.us",
pubchem.info,"FetchError: request to http://pubchem.info/ failed, reason: getaddrinfo ENOTFOUND pubchem.info",
oahpmdata.net,"AbortError: The operation was aborted.",
pubmed-central.com,"FetchError: request to http://pubmed-central.com/ failed, reason: getaddrinfo ENOTFOUND pubmed-central.com",
pubmed-central.info,"FetchError: request to http://pubmed-central.info/ failed, reason: getaddrinfo ENOTFOUND pubmed-central.info",
pubmed-central.net,"FetchError: request to http://pubmed-central.net/ failed, reason: getaddrinfo ENOTFOUND pubmed-central.net",
pubmed-central.org,"FetchError: request to http://pubmed-central.org/ failed, reason: getaddrinfo ENOTFOUND pubmed-central.org",
phs-nurse.org,"AbortError: The operation was aborted.",
presidentschallenge.org,"AbortError: The operation was aborted.",
pubmedcentral.us,"FetchError: request to http://pubmedcentral.us/ failed, reason: getaddrinfo ENOTFOUND pubmedcentral.us",
pubmedcentral.info,"FetchError: request to http://pubmedcentral.info/ failed, reason: getaddrinfo ENOTFOUND pubmedcentral.info",
scienceforum.sc,"FetchError: request to http://scienceforum.sc/ failed, reason: getaddrinfo ENOTFOUND scienceforum.sc",
qualitynet.org,"AbortError: The operation was aborted.",
vetmed.wiki,"FetchError: request to http://vetmed.wiki/ failed, reason: getaddrinfo ENOTFOUND vetmed.wiki",
vetmedinfo.net,"FetchError: request to http://vetmedinfo.net/ failed, reason: getaddrinfo ENOTFOUND vetmedinfo.net",
quehacerahora.org,"AbortError: The operation was aborted.",
racwarehouse.org,"AbortError: The operation was aborted.",
sisterstudy.org,"AbortError: The operation was aborted.",
sitenv.org,"AbortError: The operation was aborted.",
cdmdashboard.com,"FetchError: request to http://cdmdashboard.com/ failed, reason: getaddrinfo ENOTFOUND cdmdashboard.com",
protectivedns.net,"FetchError: request to http://protectivedns.net/ failed, reason: getaddrinfo ENOTFOUND protectivedns.net",
ssbgportal.net,"AbortError: The operation was aborted.",
thehearttruth.com,"AbortError: The operation was aborted.",
thehearttruth.net,"AbortError: The operation was aborted.",
thehearttruth.org,"AbortError: The operation was aborted.",
thesisterstudy.org,"AbortError: The operation was aborted.",
uspreventiveservicestaskforce.org,"AbortError: The operation was aborted.",
vaccinefinder.org,"AbortError: The operation was aborted.",
worklife4you.com,"AbortError: The operation was aborted.",
joinjobcorps.com,"FetchError: request to http://joinjobcorps.com/ failed, reason: getaddrinfo ENOTFOUND joinjobcorps.com",
acinet.org,"AbortError: The operation was aborted.",
alx.org,"AbortError: The operation was aborted.",
bonds4jobs.com,"AbortError: The operation was aborted.",
capeyouth.org,"AbortError: The operation was aborted.",
euusosh.org,"AbortError: The operation was aborted.",
inclusiveapprenticeship.org,"AbortError: The operation was aborted.",
jcmarketplace.com,"AbortError: The operation was aborted.",
jcsuccess.org,"AbortError: The operation was aborted.",
jctalentworks.com ,"AbortError: The operation was aborted.",
jobcorps.org,"AbortError: The operation was aborted.",
mynextmove.org ,"AbortError: The operation was aborted.",
neapmap.com,"AbortError: The operation was aborted.",
onetcenter.org,"AbortError: The operation was aborted.",
peatworks.org,"AbortError: The operation was aborted.",
servicelocator.org,"AbortError: The operation was aborted.",
doi.net,"FetchError: request to http://doi.net/ failed, reason: getaddrinfo ENOTFOUND doi.net",
useuosh.org,"AbortError: The operation was aborted.",
ustedquepuedehacer.org,"AbortError: The operation was aborted.",
whatcanyoudocampaign.org,"AbortError: The operation was aborted.",
rfj.tips,"AbortError: The operation was aborted.",
howeycoins.com,"FetchError: request to http://howeycoins.com/ failed, reason: getaddrinfo ENOTFOUND howeycoins.com",
cfcgiving.org,"AbortError: The operation was aborted.",
combinedfederal.org,"AbortError: The operation was aborted.",
federalcampaign.org,"AbortError: The operation was aborted.",
usajobs.com,"AbortError: The operation was aborted.",
usajobsassess.com,"AbortError: The operation was aborted.",
usajobsassess.us,"AbortError: The operation was aborted.",
usajobsrecruit.com,"AbortError: The operation was aborted.",
usajobsrecruit.us,"AbortError: The operation was aborted.",
pbgc.biz,"AbortError: The operation was aborted.",
pbgc.com,"AbortError: The operation was aborted.",
pbgc.net,"AbortError: The operation was aborted.",
pbgc.us,"AbortError: The operation was aborted.",
smithsonianearthtv.com,"FetchError: request to http://smithsonianearthtv.com/ failed, reason: getaddrinfo ENOTFOUND smithsonianearthtv.com",
artcollectorsprogram.org,"AbortError: The operation was aborted.",
cicadamerch.com,"AbortError: The operation was aborted.",
discoverytheater.org,"AbortError: The operation was aborted.",
ecosystemsontheedge.org,"AbortError: The operation was aborted.",
ellajenkins.com,"AbortError: The operation was aborted.",
mughalgardens.org,"AbortError: The operation was aborted.",
museumonmainstreet.org,"AbortError: The operation was aborted.",
nmaahcstore.com,"AbortError: The operation was aborted.",
paleoglot.org,"AbortError: The operation was aborted.",
searchablemuseum.com,"AbortError: The operation was aborted.",
seecstories.com,"AbortError: The operation was aborted.",
smithsonianapa.org,"AbortError: The operation was aborted.",
smithsoniancraft2wear.org,"AbortError: The operation was aborted.",
smithsoniancraftshow.org,"AbortError: The operation was aborted.",
smithsonianstudentadventures.com,"AbortError: The operation was aborted.",
monitor.net.co,"AbortError: The operation was aborted.",
vavmc.com,"AbortError: The operation was aborted.",
usarmyband.com,"AbortError: The operation was aborted.",
shopvcs.com,"AbortError: The operation was aborted.",
treatmentworksforvets.org,"AbortError: The operation was aborted.",
vaitcampus.com,"AbortError: The operation was aborted.",
